forecast_generated_at,forecast_horizon_hours,timestamp,weather_zone,ghi_wm2,dni_wm2,dhi_wm2,temperature_c,cloud_cover_pct,rainfall_mm,wind_speed_ms,weather_quality_flag
2026-06-13T18:00:00+05:30,6,2026-06-14T00:00:00+05:30,PUNE_WEST,0,0.0,0.0,20.7,44.6,0.0,3.1,GOOD
2026-06-13T18:00:00+05:30,6,2026-06-14T00:15:00+05:30,PUNE_WEST,0,0.0,0.0,20,45.0,0.0,2.5,GOOD
2026-06-13T18:00:00+05:30,6,2026-06-14T00:30:00+05:30,PUNE_WEST,0,0.0,0.0,20.4,44.3,0.0,3.6,GOOD
2026-06-13T18:00:00+05:30,6,2026-06-14T00:45:00+05:30,PUNE_WEST,0,0.0,0.0,20.3,43.7,0.0,2.3,GOOD
2026-06-13T18:00:00+05:30,7,2026-06-14T01:00:00+05:30,PUNE_WEST,0,0.0,0.0,20.3,45.8,0.0,3.1,GOOD
2026-06-13T18:00:00+05:30,7,2026-06-14T01:15:00+05:30,PUNE_WEST,0,0.0,0.0,20.3,42.9,0.0,3.7,GOOD
2026-06-13T18:00:00+05:30,7,2026-06-14T01:30:00+05:30,PUNE_WEST,0,0.0,0.0,20.2,45.2,0.0,3.0,GOOD
2026-06-13T18:00:00+05:30,7,2026-06-14T01:45:00+05:30,PUNE_WEST,0,0.0,0.0,20,42.5,0.0,3.3,GOOD
2026-06-13T18:00:00+05:30,8,2026-06-14T02:00:00+05:30,PUNE_WEST,0,0.0,0.0,20,43.9,0.0,3.4,GOOD
2026-06-13T18:00:00+05:30,8,2026-06-14T02:15:00+05:30,PUNE_WEST,0,0.0,0.0,20,42.7,0.0,2.6,GOOD
2026-06-13T18:00:00+05:30,8,2026-06-14T02:30:00+05:30,PUNE_WEST,0,0.0,0.0,21.2,40.2,0.0,4.2,GOOD
2026-06-13T18:00:00+05:30,8,2026-06-14T02:45:00+05:30,PUNE_WEST,0,0.0,0.0,20.3,40.0,0.0,4.0,GOOD
2026-06-13T18:00:00+05:30,9,2026-06-14T03:00:00+05:30,PUNE_WEST,0,0.0,0.0,20.8,41.3,0.0,3.3,GOOD
2026-06-13T18:00:00+05:30,9,2026-06-14T03:15:00+05:30,PUNE_WEST,0,0.0,0.0,21.4,39.6,0.0,3.8,GOOD
2026-06-13T18:00:00+05:30,9,2026-06-14T03:30:00+05:30,PUNE_WEST,0,0.0,0.0,20.4,41.0,0.0,3.6,GOOD
2026-06-13T18:00:00+05:30,9,2026-06-14T03:45:00+05:30,PUNE_WEST,0,0.0,0.0,20,41.9,0.0,2.6,GOOD
2026-06-13T18:00:00+05:30,10,2026-06-14T04:00:00+05:30,PUNE_WEST,0,0.0,0.0,20,39.4,0.0,4.0,GOOD
2026-06-13T18:00:00+05:30,10,2026-06-14T04:15:00+05:30,PUNE_WEST,0,0.0,0.0,21.0,41.8,0.0,4.0,GOOD
2026-06-13T18:00:00+05:30,10,2026-06-14T04:30:00+05:30,PUNE_WEST,0,0.0,0.0,20.6,42.0,0.0,4.4,GOOD
2026-06-13T18:00:00+05:30,10,2026-06-14T04:45:00+05:30,PUNE_WEST,0,0.0,0.0,20,42.3,0.0,2.3,GOOD
2026-06-13T18:00:00+05:30,11,2026-06-14T05:00:00+05:30,PUNE_WEST,0,0.0,0.0,21.6,40.5,0.0,3.0,GOOD
2026-06-13T18:00:00+05:30,11,2026-06-14T05:15:00+05:30,PUNE_WEST,0,0.0,0.0,20.8,41.5,0.0,2.8,GOOD
2026-06-13T18:00:00+05:30,11,2026-06-14T05:30:00+05:30,PUNE_WEST,0,0.0,0.0,20.6,42.6,0.0,3.3,GOOD
2026-06-13T18:00:00+05:30,11,2026-06-14T05:45:00+05:30,PUNE_WEST,0,0.0,0.0,22.2,45.5,0.0,3.7,GOOD
2026-06-13T18:00:00+05:30,12,2026-06-14T06:00:00+05:30,PUNE_WEST,0,0.0,0.0,22.7,44.8,0.0,3.4,GOOD
2026-06-13T18:00:00+05:30,12,2026-06-14T06:15:00+05:30,PUNE_WEST,40.0,181.9,17.8,23.1,47.6,0.0,3.5,GOOD
2026-06-13T18:00:00+05:30,12,2026-06-14T06:30:00+05:30,PUNE_WEST,73.2,345.2,31.1,22.9,44.2,0.0,3.5,GOOD
2026-06-13T18:00:00+05:30,12,2026-06-14T06:45:00+05:30,PUNE_WEST,124.1,431.0,53.4,23.2,45.1,0.0,3.2,GOOD
2026-06-13T18:00:00+05:30,13,2026-06-14T07:00:00+05:30,PUNE_WEST,174.3,455.1,73.8,23.5,43.9,0.0,3.1,GOOD
2026-06-13T18:00:00+05:30,13,2026-06-14T07:15:00+05:30,PUNE_WEST,213.1,462.0,85.1,23.9,39.8,0.0,3.3,GOOD
2026-06-13T18:00:00+05:30,13,2026-06-14T07:30:00+05:30,PUNE_WEST,273.3,484.2,112.1,24.5,41.7,0.0,2.6,GOOD
2026-06-13T18:00:00+05:30,13,2026-06-14T07:45:00+05:30,PUNE_WEST,336.1,520.1,134.4,24.6,40.0,0.0,3.1,GOOD
2026-06-13T18:00:00+05:30,14,2026-06-14T08:00:00+05:30,PUNE_WEST,357.9,466.9,151.7,25.7,44.0,0.0,2.9,GOOD
2026-06-13T18:00:00+05:30,14,2026-06-14T08:15:00+05:30,PUNE_WEST,404.4,458.7,177.8,26.2,46.6,0.0,3.8,GOOD
2026-06-13T18:00:00+05:30,14,2026-06-14T08:30:00+05:30,PUNE_WEST,454.9,471.7,197.9,25.5,45.8,0.0,2.8,GOOD
2026-06-13T18:00:00+05:30,14,2026-06-14T08:45:00+05:30,PUNE_WEST,529.2,499.2,232.7,27.1,46.6,0.0,2.9,GOOD
2026-06-13T18:00:00+05:30,15,2026-06-14T09:00:00+05:30,PUNE_WEST,560.5,491.9,245.2,26.8,46.3,0.0,3.2,GOOD
2026-06-13T18:00:00+05:30,15,2026-06-14T09:15:00+05:30,PUNE_WEST,610.7,517.7,255.7,27.1,43.1,0.0,2.6,GOOD
2026-06-13T18:00:00+05:30,15,2026-06-14T09:30:00+05:30,PUNE_WEST,660.2,533.3,272.0,27.7,42.0,0.0,2.7,GOOD
2026-06-13T18:00:00+05:30,15,2026-06-14T09:45:00+05:30,PUNE_WEST,704.9,533.3,295.3,27.6,43.2,0.0,2.5,GOOD
2026-06-13T18:00:00+05:30,16,2026-06-14T10:00:00+05:30,PUNE_WEST,735.0,516.8,318.9,29.1,45.7,0.0,2.7,GOOD
2026-06-13T18:00:00+05:30,16,2026-06-14T10:15:00+05:30,PUNE_WEST,791.0,548.0,331.1,28.2,43.1,0.0,3.7,GOOD
2026-06-13T18:00:00+05:30,16,2026-06-14T10:30:00+05:30,PUNE_WEST,800.4,541.3,329.2,29.9,41.9,0.0,3.2,GOOD
2026-06-13T18:00:00+05:30,16,2026-06-14T10:45:00+05:30,PUNE_WEST,827.9,524.5,356.7,28.5,45.1,0.0,3.2,GOOD
2026-06-13T18:00:00+05:30,17,2026-06-14T11:00:00+05:30,PUNE_WEST,863.2,534.3,370.0,29.3,44.8,0.0,3.9,GOOD
2026-06-13T18:00:00+05:30,17,2026-06-14T11:15:00+05:30,PUNE_WEST,895.1,537.4,387.7,30.1,45.5,0.0,3.5,GOOD
2026-06-13T18:00:00+05:30,17,2026-06-14T11:30:00+05:30,PUNE_WEST,882.7,521.0,381.6,29.2,45.4,0.0,4.5,GOOD
2026-06-13T18:00:00+05:30,17,2026-06-14T11:45:00+05:30,PUNE_WEST,921.9,528.6,405.9,30.4,46.7,0.0,3.8,GOOD
2026-06-13T18:00:00+05:30,18,2026-06-14T12:00:00+05:30,PUNE_WEST,940.8,549.7,398.5,30.4,43.9,0.0,2.5,GOOD
2026-06-13T18:00:00+05:30,18,2026-06-14T12:15:00+05:30,PUNE_WEST,928.9,539.7,392.8,30.7,43.8,0.0,3.9,GOOD
2026-06-13T18:00:00+05:30,18,2026-06-14T12:30:00+05:30,PUNE_WEST,931.1,540.9,392.1,30.5,43.5,0.0,3.1,GOOD
2026-06-13T18:00:00+05:30,18,2026-06-14T12:45:00+05:30,PUNE_WEST,939.2,552.9,388.6,30.2,42.3,0.0,3.4,GOOD
2026-06-13T18:00:00+05:30,19,2026-06-14T13:00:00+05:30,PUNE_WEST,940.8,557.6,388.0,29.4,42.1,0.0,3.6,GOOD
2026-06-13T18:00:00+05:30,19,2026-06-14T13:15:00+05:30,PUNE_WEST,920.9,545.9,384.1,29.6,42.8,0.0,3.5,GOOD
2026-06-13T18:00:00+05:30,19,2026-06-14T13:30:00+05:30,PUNE_WEST,929.3,560.1,385.1,30.2,42.4,0.0,3.6,GOOD
2026-06-13T18:00:00+05:30,19,2026-06-14T13:45:00+05:30,PUNE_WEST,896.8,542.5,378.0,31.1,43.6,0.0,3.3,GOOD
2026-06-13T18:00:00+05:30,20,2026-06-14T14:00:00+05:30,PUNE_WEST,855.9,520.7,367.8,30.2,45.0,0.0,2.0,GOOD
2026-06-13T18:00:00+05:30,20,2026-06-14T14:15:00+05:30,PUNE_WEST,837.3,520.1,361.5,29.8,45.3,0.0,4.0,GOOD
2026-06-13T18:00:00+05:30,20,2026-06-14T14:30:00+05:30,PUNE_WEST,831.5,532.0,358.5,30.4,45.2,0.0,2.5,GOOD
2026-06-13T18:00:00+05:30,20,2026-06-14T14:45:00+05:30,PUNE_WEST,794.7,525.8,342.4,29.8,45.1,0.0,3.8,GOOD
2026-06-13T18:00:00+05:30,21,2026-06-14T15:00:00+05:30,PUNE_WEST,759.6,517.4,331.2,28.6,46.0,0.0,4.1,GOOD
2026-06-13T18:00:00+05:30,21,2026-06-14T15:15:00+05:30,PUNE_WEST,707.8,493.7,316.4,29.0,47.8,0.0,3.4,GOOD
2026-06-13T18:00:00+05:30,21,2026-06-14T15:30:00+05:30,PUNE_WEST,679.1,506.0,297.2,28.5,46.3,0.0,2.5,GOOD
2026-06-13T18:00:00+05:30,21,2026-06-14T15:45:00+05:30,PUNE_WEST,637.3,502.9,278.2,29.1,46.1,0.0,3.3,GOOD
2026-06-13T18:00:00+05:30,22,2026-06-14T16:00:00+05:30,PUNE_WEST,580.3,477.6,260.0,26.6,48.0,0.0,3.8,GOOD
2026-06-13T18:00:00+05:30,22,2026-06-14T16:15:00+05:30,PUNE_WEST,542.1,480.3,241.8,27.4,47.7,0.0,3.8,GOOD
2026-06-13T18:00:00+05:30,22,2026-06-14T16:30:00+05:30,PUNE_WEST,506.3,492.2,222.0,27.6,46.4,0.0,3.5,GOOD
2026-06-13T18:00:00+05:30,22,2026-06-14T16:45:00+05:30,PUNE_WEST,447.4,471.3,198.7,26.8,47.3,0.0,3.3,GOOD
2026-06-13T18:00:00+05:30,23,2026-06-14T17:00:00+05:30,PUNE_WEST,416.2,495.9,180.0,27.3,45.4,0.0,3.8,GOOD
2026-06-13T18:00:00+05:30,23,2026-06-14T17:15:00+05:30,PUNE_WEST,342.9,446.0,154.0,27.2,48.2,0.0,2.8,GOOD
2026-06-13T18:00:00+05:30,23,2026-06-14T17:30:00+05:30,PUNE_WEST,300.4,447.4,135.2,26.1,48.3,0.0,4.1,GOOD
2026-06-13T18:00:00+05:30,23,2026-06-14T17:45:00+05:30,PUNE_WEST,237.3,411.5,108.0,25.4,49.2,0.0,3.5,GOOD
2026-06-13T18:00:00+05:30,24,2026-06-14T18:00:00+05:30,PUNE_WEST,185.2,386.2,85.5,25.5,50.3,0.0,2.9,GOOD
2026-06-13T18:00:00+05:30,24,2026-06-14T18:15:00+05:30,PUNE_WEST,141.6,360.7,68.9,24.0,54.5,0.0,3.2,GOOD
2026-06-13T18:00:00+05:30,24,2026-06-14T18:30:00+05:30,PUNE_WEST,95.1,329.4,47.4,25.0,56.5,0.0,4.0,GOOD
2026-06-13T18:00:00+05:30,24,2026-06-14T18:45:00+05:30,PUNE_WEST,51.9,221.2,25.0,23.3,53.5,0.0,3.0,GOOD
2026-06-13T18:00:00+05:30,25,2026-06-14T19:00:00+05:30,PUNE_WEST,9.7,43.0,4.5,23.0,50.0,0.0,3.5,GOOD
2026-06-13T18:00:00+05:30,25,2026-06-14T19:15:00+05:30,PUNE_WEST,0,0.0,0.0,23.7,46.7,0.0,4.3,GOOD
2026-06-13T18:00:00+05:30,25,2026-06-14T19:30:00+05:30,PUNE_WEST,0,0.0,0.0,22.2,48.5,0.0,3.5,GOOD
2026-06-13T18:00:00+05:30,25,2026-06-14T19:45:00+05:30,PUNE_WEST,0,0.0,0.0,23.1,49.4,0.0,3.7,GOOD
2026-06-13T18:00:00+05:30,26,2026-06-14T20:00:00+05:30,PUNE_WEST,0,0.0,0.0,21.1,51.7,0.0,3.7,GOOD
2026-06-13T18:00:00+05:30,26,2026-06-14T20:15:00+05:30,PUNE_WEST,0,0.0,0.0,20.7,51.3,0.0,3.3,GOOD
2026-06-13T18:00:00+05:30,26,2026-06-14T20:30:00+05:30,PUNE_WEST,0,0.0,0.0,21.7,49.8,0.0,3.8,GOOD
2026-06-13T18:00:00+05:30,26,2026-06-14T20:45:00+05:30,PUNE_WEST,0,0.0,0.0,20.5,47.9,0.0,4.0,GOOD
2026-06-13T18:00:00+05:30,27,2026-06-14T21:00:00+05:30,PUNE_WEST,0,0.0,0.0,21.5,46.5,0.0,3.9,GOOD
2026-06-13T18:00:00+05:30,27,2026-06-14T21:15:00+05:30,PUNE_WEST,0,0.0,0.0,20,48.2,0.0,4.1,GOOD
2026-06-13T18:00:00+05:30,27,2026-06-14T21:30:00+05:30,PUNE_WEST,0,0.0,0.0,20.6,45.4,0.0,3.4,GOOD
2026-06-13T18:00:00+05:30,27,2026-06-14T21:45:00+05:30,PUNE_WEST,0,0.0,0.0,21.1,42.4,0.0,2.9,GOOD
2026-06-13T18:00:00+05:30,28,2026-06-14T22:00:00+05:30,PUNE_WEST,0,0.0,0.0,20.2,43.7,0.0,2.4,GOOD
2026-06-13T18:00:00+05:30,28,2026-06-14T22:15:00+05:30,PUNE_WEST,0,0.0,0.0,21.0,38.7,0.0,2.3,GOOD
2026-06-13T18:00:00+05:30,28,2026-06-14T22:30:00+05:30,PUNE_WEST,0,0.0,0.0,21.3,37.5,0.0,3.0,GOOD
2026-06-13T18:00:00+05:30,28,2026-06-14T22:45:00+05:30,PUNE_WEST,0,0.0,0.0,20.4,37.4,0.0,3.1,GOOD
2026-06-13T18:00:00+05:30,29,2026-06-14T23:00:00+05:30,PUNE_WEST,0,0.0,0.0,20.4,34.1,0.0,2.8,GOOD
2026-06-13T18:00:00+05:30,29,2026-06-14T23:15:00+05:30,PUNE_WEST,0,0.0,0.0,20.2,32.8,0.0,3.2,GOOD
2026-06-13T18:00:00+05:30,29,2026-06-14T23:30:00+05:30,PUNE_WEST,0,0.0,0.0,20.6,33.8,0.0,2.6,GOOD
2026-06-13T18:00:00+05:30,29,2026-06-14T23:45:00+05:30,PUNE_WEST,0,0.0,0.0,21.3,30.7,0.0,3.0,GOOD
2026-06-13T18:00:00+05:30,30,2026-06-15T00:00:00+05:30,PUNE_WEST,0,0.0,0.0,21.7,20.0,0.0,2.8,GOOD
2026-06-13T18:00:00+05:30,30,2026-06-15T00:15:00+05:30,PUNE_WEST,0,0.0,0.0,21.1,17.2,0.0,3.4,GOOD
2026-06-13T18:00:00+05:30,30,2026-06-15T00:30:00+05:30,PUNE_WEST,0,0.0,0.0,20.7,20.1,0.0,3.0,GOOD
2026-06-13T18:00:00+05:30,30,2026-06-15T00:45:00+05:30,PUNE_WEST,0,0.0,0.0,21.2,18.9,0.0,2.4,GOOD
2026-06-13T18:00:00+05:30,31,2026-06-15T01:00:00+05:30,PUNE_WEST,0,0.0,0.0,20.1,18.7,0.0,2.7,GOOD
2026-06-13T18:00:00+05:30,31,2026-06-15T01:15:00+05:30,PUNE_WEST,0,0.0,0.0,22.2,20.0,0.0,2.7,GOOD
2026-06-13T18:00:00+05:30,31,2026-06-15T01:30:00+05:30,PUNE_WEST,0,0.0,0.0,21.0,20.6,0.0,3.2,GOOD
2026-06-13T18:00:00+05:30,31,2026-06-15T01:45:00+05:30,PUNE_WEST,0,0.0,0.0,20.3,18.1,0.0,2.9,GOOD
2026-06-13T18:00:00+05:30,32,2026-06-15T02:00:00+05:30,PUNE_WEST,0,0.0,0.0,21.4,19.5,0.0,3.0,GOOD
2026-06-13T18:00:00+05:30,32,2026-06-15T02:15:00+05:30,PUNE_WEST,0,0.0,0.0,21.0,20.9,0.0,2.4,GOOD
2026-06-13T18:00:00+05:30,32,2026-06-15T02:30:00+05:30,PUNE_WEST,0,0.0,0.0,21.1,17.8,0.0,3.2,GOOD
2026-06-13T18:00:00+05:30,32,2026-06-15T02:45:00+05:30,PUNE_WEST,0,0.0,0.0,21.4,15.8,0.0,2.1,GOOD
2026-06-13T18:00:00+05:30,33,2026-06-15T03:00:00+05:30,PUNE_WEST,0,0.0,0.0,21.6,16.4,0.0,2.6,GOOD
2026-06-13T18:00:00+05:30,33,2026-06-15T03:15:00+05:30,PUNE_WEST,0,0.0,0.0,21.4,16.0,0.0,2.0,GOOD
2026-06-13T18:00:00+05:30,33,2026-06-15T03:30:00+05:30,PUNE_WEST,0,0.0,0.0,22.2,13.1,0.0,2.2,GOOD
2026-06-13T18:00:00+05:30,33,2026-06-15T03:45:00+05:30,PUNE_WEST,0,0.0,0.0,22.1,13.2,0.0,2.7,GOOD
2026-06-13T18:00:00+05:30,34,2026-06-15T04:00:00+05:30,PUNE_WEST,0,0.0,0.0,20.9,9.5,0.0,2.1,GOOD
2026-06-13T18:00:00+05:30,34,2026-06-15T04:15:00+05:30,PUNE_WEST,0,0.0,0.0,21.0,14.9,0.0,2.9,GOOD
2026-06-13T18:00:00+05:30,34,2026-06-15T04:30:00+05:30,PUNE_WEST,0,0.0,0.0,21.5,14.1,0.0,2.5,GOOD
2026-06-13T18:00:00+05:30,34,2026-06-15T04:45:00+05:30,PUNE_WEST,0,0.0,0.0,22.0,12.4,0.0,2.8,GOOD
2026-06-13T18:00:00+05:30,35,2026-06-15T05:00:00+05:30,PUNE_WEST,0,0.0,0.0,21.1,11.7,0.0,3.3,GOOD
2026-06-13T18:00:00+05:30,35,2026-06-15T05:15:00+05:30,PUNE_WEST,0,0.0,0.0,22.4,10.7,0.0,2.5,GOOD
2026-06-13T18:00:00+05:30,35,2026-06-15T05:30:00+05:30,PUNE_WEST,0,0.0,0.0,22.3,10.8,0.0,2.5,GOOD
2026-06-13T18:00:00+05:30,35,2026-06-15T05:45:00+05:30,PUNE_WEST,0,0.0,0.0,23.1,10.4,0.0,2.4,GOOD
2026-06-13T18:00:00+05:30,36,2026-06-15T06:00:00+05:30,PUNE_WEST,0,0.0,0.0,23.8,12.2,0.0,2.4,GOOD
2026-06-13T18:00:00+05:30,36,2026-06-15T06:15:00+05:30,PUNE_WEST,27.8,172.2,6.8,23.4,14.1,0.0,2.4,GOOD
2026-06-13T18:00:00+05:30,36,2026-06-15T06:30:00+05:30,PUNE_WEST,64.6,399.8,15.8,23.3,14.2,0.0,2.8,GOOD
2026-06-13T18:00:00+05:30,36,2026-06-15T06:45:00+05:30,PUNE_WEST,119.5,541.6,31.0,24.0,16.5,0.0,1.7,GOOD
2026-06-13T18:00:00+05:30,37,2026-06-15T07:00:00+05:30,PUNE_WEST,155.7,515.8,42.1,25.1,18.4,0.0,3.5,GOOD
2026-06-13T18:00:00+05:30,37,2026-06-15T07:15:00+05:30,PUNE_WEST,232.9,624.1,60.3,26.1,16.5,0.0,2.3,GOOD
2026-06-13T18:00:00+05:30,37,2026-06-15T07:30:00+05:30,PUNE_WEST,295.9,638.1,83.8,26.2,20.5,0.0,2.6,GOOD
2026-06-13T18:00:00+05:30,37,2026-06-15T07:45:00+05:30,PUNE_WEST,324.9,599.7,92.6,26.7,20.8,0.0,2.4,GOOD
2026-06-13T18:00:00+05:30,38,2026-06-15T08:00:00+05:30,PUNE_WEST,389.3,645.2,104.8,26.1,18.2,0.0,3.7,GOOD
2026-06-13T18:00:00+05:30,38,2026-06-15T08:15:00+05:30,PUNE_WEST,434.4,655.7,110.8,26.1,15.9,0.0,2.0,GOOD
2026-06-13T18:00:00+05:30,38,2026-06-15T08:30:00+05:30,PUNE_WEST,502.4,701.0,120.9,27.9,13.4,0.0,2.9,GOOD
2026-06-13T18:00:00+05:30,38,2026-06-15T08:45:00+05:30,PUNE_WEST,545.4,706.1,126.5,29.0,12.0,0.0,2.4,GOOD
2026-06-13T18:00:00+05:30,39,2026-06-15T09:00:00+05:30,PUNE_WEST,610.0,743.1,134.2,27.3,10.0,0.0,1.9,GOOD
2026-06-13T18:00:00+05:30,39,2026-06-15T09:15:00+05:30,PUNE_WEST,640.2,745.9,129.2,29.0,7.0,0.0,2.9,GOOD
2026-06-13T18:00:00+05:30,39,2026-06-15T09:30:00+05:30,PUNE_WEST,680.8,745.6,138.3,29.8,7.2,0.0,2.9,GOOD
2026-06-13T18:00:00+05:30,39,2026-06-15T09:45:00+05:30,PUNE_WEST,726.9,762.7,141.5,29.8,5.8,0.0,1.4,GOOD
2026-06-13T18:00:00+05:30,40,2026-06-15T10:00:00+05:30,PUNE_WEST,778.4,754.3,171.5,28.9,10.1,0.0,1.5,GOOD
2026-06-13T18:00:00+05:30,40,2026-06-15T10:15:00+05:30,PUNE_WEST,834.8,790.4,171.9,29.2,7.6,0.0,2.4,GOOD
2026-06-13T18:00:00+05:30,40,2026-06-15T10:30:00+05:30,PUNE_WEST,850.3,782.2,169.8,30.4,6.6,0.0,2.6,GOOD
2026-06-13T18:00:00+05:30,40,2026-06-15T10:45:00+05:30,PUNE_WEST,898.6,790.4,188.8,30.6,8.4,0.0,2.4,GOOD
2026-06-13T18:00:00+05:30,41,2026-06-15T11:00:00+05:30,PUNE_WEST,920.7,782.8,198.5,30.6,9.3,0.0,2.8,GOOD
2026-06-13T18:00:00+05:30,41,2026-06-15T11:15:00+05:30,PUNE_WEST,945.9,773.7,215.7,31.3,11.3,0.0,3.3,GOOD
2026-06-13T18:00:00+05:30,41,2026-06-15T11:30:00+05:30,PUNE_WEST,961.0,756.6,233.5,31.8,13.8,0.0,3.2,GOOD
2026-06-13T18:00:00+05:30,41,2026-06-15T11:45:00+05:30,PUNE_WEST,983.3,759.3,242.4,30.3,14.4,0.0,2.4,GOOD
2026-06-13T18:00:00+05:30,42,2026-06-15T12:00:00+05:30,PUNE_WEST,990.0,758.5,241.8,31.0,14.0,0.0,2.0,GOOD
2026-06-13T18:00:00+05:30,42,2026-06-15T12:15:00+05:30,PUNE_WEST,990.0,773.0,222.2,31.5,10.7,0.0,2.7,GOOD
2026-06-13T18:00:00+05:30,42,2026-06-15T12:30:00+05:30,PUNE_WEST,1029.0,801.5,230.4,31.0,10.7,0.0,2.1,GOOD
2026-06-13T18:00:00+05:30,42,2026-06-15T12:45:00+05:30,PUNE_WEST,987.9,765.7,225.4,32.5,11.4,0.0,2.9,GOOD
2026-06-13T18:00:00+05:30,43,2026-06-15T13:00:00+05:30,PUNE_WEST,1019.8,782.1,244.4,30.9,13.3,0.0,2.5,GOOD
2026-06-13T18:00:00+05:30,43,2026-06-15T13:15:00+05:30,PUNE_WEST,998.5,757.0,254.0,30.7,15.7,0.0,2.9,GOOD
2026-06-13T18:00:00+05:30,43,2026-06-15T13:30:00+05:30,PUNE_WEST,990.2,741.6,269.6,31.6,18.7,0.0,2.7,GOOD
2026-06-13T18:00:00+05:30,43,2026-06-15T13:45:00+05:30,PUNE_WEST,961.5,735.5,258.0,31.2,18.1,0.0,1.2,GOOD
2026-06-13T18:00:00+05:30,44,2026-06-15T14:00:00+05:30,PUNE_WEST,903.1,711.2,236.3,31.8,16.9,0.0,3.3,GOOD
2026-06-13T18:00:00+05:30,44,2026-06-15T14:15:00+05:30,PUNE_WEST,895.0,697.7,256.4,30.2,21.1,0.0,2.3,GOOD
2026-06-13T18:00:00+05:30,44,2026-06-15T14:30:00+05:30,PUNE_WEST,893.4,726.1,247.5,30.0,19.5,0.0,2.0,GOOD
2026-06-13T18:00:00+05:30,44,2026-06-15T14:45:00+05:30,PUNE_WEST,834.3,704.5,228.1,30.8,18.9,0.0,2.8,GOOD
2026-06-13T18:00:00+05:30,45,2026-06-15T15:00:00+05:30,PUNE_WEST,789.3,675.8,229.5,31.3,21.8,0.0,3.0,GOOD
2026-06-13T18:00:00+05:30,45,2026-06-15T15:15:00+05:30,PUNE_WEST,765.5,689.7,218.4,31.1,20.9,0.0,3.1,GOOD
2026-06-13T18:00:00+05:30,45,2026-06-15T15:30:00+05:30,PUNE_WEST,718.3,675.2,208.3,30.5,21.7,0.0,2.8,GOOD
2026-06-13T18:00:00+05:30,45,2026-06-15T15:45:00+05:30,PUNE_WEST,694.9,688.5,202.9,29.7,22.0,0.0,3.2,GOOD
2026-06-13T18:00:00+05:30,46,2026-06-15T16:00:00+05:30,PUNE_WEST,633.9,679.4,177.8,29.8,20.1,0.0,3.0,GOOD
2026-06-13T18:00:00+05:30,46,2026-06-15T16:15:00+05:30,PUNE_WEST,578.5,672.8,157.4,28.8,18.7,0.0,3.5,GOOD
2026-06-13T18:00:00+05:30,46,2026-06-15T16:30:00+05:30,PUNE_WEST,541.7,673.0,152.6,29.7,20.3,0.0,2.2,GOOD
2026-06-13T18:00:00+05:30,46,2026-06-15T16:45:00+05:30,PUNE_WEST,494.1,689.9,129.5,28.5,17.0,0.0,1.9,GOOD
2026-06-13T18:00:00+05:30,47,2026-06-15T17:00:00+05:30,PUNE_WEST,433.2,690.7,103.6,27.7,13.2,0.0,2.0,GOOD
2026-06-13T18:00:00+05:30,47,2026-06-15T17:15:00+05:30,PUNE_WEST,369.4,644.4,96.0,28.6,16.6,0.0,2.6,GOOD
2026-06-13T18:00:00+05:30,47,2026-06-15T17:30:00+05:30,PUNE_WEST,322.6,643.3,84.4,27.6,17.0,0.0,2.9,GOOD
2026-06-13T18:00:00+05:30,47,2026-06-15T17:45:00+05:30,PUNE_WEST,257.8,594.2,70.6,27.5,19.0,0.0,3.4,GOOD
2026-06-13T18:00:00+05:30,48,2026-06-15T18:00:00+05:30,PUNE_WEST,198.0,540.3,58.1,26.6,22.2,0.0,1.4,GOOD
2026-06-13T18:00:00+05:30,48,2026-06-15T18:15:00+05:30,PUNE_WEST,147.9,519.1,42.8,25.6,21.5,0.0,2.7,GOOD
2026-06-13T18:00:00+05:30,48,2026-06-15T18:30:00+05:30,PUNE_WEST,117.0,571.8,33.8,26.7,21.4,0.0,3.2,GOOD
2026-06-13T18:00:00+05:30,48,2026-06-15T18:45:00+05:30,PUNE_WEST,56.2,322.1,16.9,25.4,23.5,0.0,2.2,GOOD
2026-06-13T18:00:00+05:30,49,2026-06-15T19:00:00+05:30,PUNE_WEST,26.0,152.8,7.3,24.6,20.4,0.0,2.6,GOOD
2026-06-13T18:00:00+05:30,49,2026-06-15T19:15:00+05:30,PUNE_WEST,0,0.0,0.0,24.9,19.2,0.0,3.0,GOOD
2026-06-13T18:00:00+05:30,49,2026-06-15T19:30:00+05:30,PUNE_WEST,0,0.0,0.0,24.6,21.0,0.0,2.5,GOOD
2026-06-13T18:00:00+05:30,49,2026-06-15T19:45:00+05:30,PUNE_WEST,0,0.0,0.0,22.5,19.4,0.0,3.2,GOOD
2026-06-13T18:00:00+05:30,50,2026-06-15T20:00:00+05:30,PUNE_WEST,0,0.0,0.0,22.2,20.5,0.0,2.8,GOOD
2026-06-13T18:00:00+05:30,50,2026-06-15T20:15:00+05:30,PUNE_WEST,0,0.0,0.0,23.3,19.4,0.0,2.4,GOOD
2026-06-13T18:00:00+05:30,50,2026-06-15T20:30:00+05:30,PUNE_WEST,0,0.0,0.0,22.0,20.3,0.0,2.7,GOOD
2026-06-13T18:00:00+05:30,50,2026-06-15T20:45:00+05:30,PUNE_WEST,0,0.0,0.0,22.2,18.7,0.0,2.2,GOOD
2026-06-13T18:00:00+05:30,51,2026-06-15T21:00:00+05:30,PUNE_WEST,0,0.0,0.0,21.2,18.2,0.0,2.0,GOOD
2026-06-13T18:00:00+05:30,51,2026-06-15T21:15:00+05:30,PUNE_WEST,0,0.0,0.0,22.0,17.8,0.0,3.3,GOOD
2026-06-13T18:00:00+05:30,51,2026-06-15T21:30:00+05:30,PUNE_WEST,0,0.0,0.0,21.7,15.9,0.0,3.1,GOOD
2026-06-13T18:00:00+05:30,51,2026-06-15T21:45:00+05:30,PUNE_WEST,0,0.0,0.0,22.0,14.9,0.0,2.7,GOOD
2026-06-13T18:00:00+05:30,52,2026-06-15T22:00:00+05:30,PUNE_WEST,0,0.0,0.0,22.3,16.2,0.0,2.8,GOOD
2026-06-13T18:00:00+05:30,52,2026-06-15T22:15:00+05:30,PUNE_WEST,0,0.0,0.0,23.3,13.5,0.0,3.0,GOOD
2026-06-13T18:00:00+05:30,52,2026-06-15T22:30:00+05:30,PUNE_WEST,0,0.0,0.0,22.5,15.9,0.0,2.4,GOOD
2026-06-13T18:00:00+05:30,52,2026-06-15T22:45:00+05:30,PUNE_WEST,0,0.0,0.0,20.8,15.1,0.0,1.9,GOOD
2026-06-13T18:00:00+05:30,53,2026-06-15T23:00:00+05:30,PUNE_WEST,0,0.0,0.0,21.8,12.8,0.0,2.3,GOOD
2026-06-13T18:00:00+05:30,53,2026-06-15T23:15:00+05:30,PUNE_WEST,0,0.0,0.0,21.5,11.9,0.0,3.4,GOOD
2026-06-13T18:00:00+05:30,53,2026-06-15T23:30:00+05:30,PUNE_WEST,0,0.0,0.0,21.5,12.3,0.0,2.4,GOOD
2026-06-13T18:00:00+05:30,53,2026-06-15T23:45:00+05:30,PUNE_WEST,0,0.0,0.0,21.1,9.9,0.0,2.9,GOOD
2026-06-13T18:00:00+05:30,54,2026-06-16T00:00:00+05:30,PUNE_WEST,0,0.0,0.0,20,41.7,0.0,4.2,GOOD
2026-06-13T18:00:00+05:30,54,2026-06-16T00:15:00+05:30,PUNE_WEST,0,0.0,0.0,20,41.6,0.0,4.0,GOOD
2026-06-13T18:00:00+05:30,54,2026-06-16T00:30:00+05:30,PUNE_WEST,0,0.0,0.0,21.6,40.2,0.0,2.6,GOOD
2026-06-13T18:00:00+05:30,54,2026-06-16T00:45:00+05:30,PUNE_WEST,0,0.0,0.0,20.5,41.0,0.0,4.5,GOOD
2026-06-13T18:00:00+05:30,55,2026-06-16T01:00:00+05:30,PUNE_WEST,0,0.0,0.0,20.1,41.0,0.0,3.2,GOOD
2026-06-13T18:00:00+05:30,55,2026-06-16T01:15:00+05:30,PUNE_WEST,0,0.0,0.0,20.4,42.3,0.0,3.3,GOOD
2026-06-13T18:00:00+05:30,55,2026-06-16T01:30:00+05:30,PUNE_WEST,0,0.0,0.0,20,43.3,0.0,3.8,GOOD
2026-06-13T18:00:00+05:30,55,2026-06-16T01:45:00+05:30,PUNE_WEST,0,0.0,0.0,20.6,42.6,0.0,2.6,GOOD
2026-06-13T18:00:00+05:30,56,2026-06-16T02:00:00+05:30,PUNE_WEST,0,0.0,0.0,21.3,43.5,0.0,3.1,GOOD
2026-06-13T18:00:00+05:30,56,2026-06-16T02:15:00+05:30,PUNE_WEST,0,0.0,0.0,20.6,42.5,0.0,3.0,GOOD
2026-06-13T18:00:00+05:30,56,2026-06-16T02:30:00+05:30,PUNE_WEST,0,0.0,0.0,21.0,44.6,0.0,3.9,GOOD
2026-06-13T18:00:00+05:30,56,2026-06-16T02:45:00+05:30,PUNE_WEST,0,0.0,0.0,20.8,42.3,0.0,3.9,GOOD
2026-06-13T18:00:00+05:30,57,2026-06-16T03:00:00+05:30,PUNE_WEST,0,0.0,0.0,21.9,44.1,0.0,3.7,GOOD
2026-06-13T18:00:00+05:30,57,2026-06-16T03:15:00+05:30,PUNE_WEST,0,0.0,0.0,20.0,45.0,0.0,4.1,GOOD
2026-06-13T18:00:00+05:30,57,2026-06-16T03:30:00+05:30,PUNE_WEST,0,0.0,0.0,20.2,44.1,0.0,3.4,GOOD
2026-06-13T18:00:00+05:30,57,2026-06-16T03:45:00+05:30,PUNE_WEST,0,0.0,0.0,20,41.4,0.0,2.7,GOOD
2026-06-13T18:00:00+05:30,58,2026-06-16T04:00:00+05:30,PUNE_WEST,0,0.0,0.0,20.1,39.4,0.0,2.5,GOOD
2026-06-13T18:00:00+05:30,58,2026-06-16T04:15:00+05:30,PUNE_WEST,0,0.0,0.0,20.9,40.0,0.0,2.4,GOOD
2026-06-13T18:00:00+05:30,58,2026-06-16T04:30:00+05:30,PUNE_WEST,0,0.0,0.0,20.8,40.3,0.0,3.7,GOOD
2026-06-13T18:00:00+05:30,58,2026-06-16T04:45:00+05:30,PUNE_WEST,0,0.0,0.0,20,38.3,0.0,2.9,GOOD
2026-06-13T18:00:00+05:30,59,2026-06-16T05:00:00+05:30,PUNE_WEST,0,0.0,0.0,21.5,35.2,0.0,3.6,GOOD
2026-06-13T18:00:00+05:30,59,2026-06-16T05:15:00+05:30,PUNE_WEST,0,0.0,0.0,21.8,37.2,0.0,2.8,GOOD
2026-06-13T18:00:00+05:30,59,2026-06-16T05:30:00+05:30,PUNE_WEST,0,0.0,0.0,21.6,33.4,0.0,3.3,GOOD
2026-06-13T18:00:00+05:30,59,2026-06-16T05:45:00+05:30,PUNE_WEST,0,0.0,0.0,21.1,35.3,0.0,3.2,GOOD
2026-06-13T18:00:00+05:30,60,2026-06-16T06:00:00+05:30,PUNE_WEST,0,0.0,0.0,22.2,33.5,0.0,2.7,GOOD
2026-06-13T18:00:00+05:30,60,2026-06-16T06:15:00+05:30,PUNE_WEST,29.3,150.2,11.0,22.8,35.7,0.0,2.9,GOOD
2026-06-13T18:00:00+05:30,60,2026-06-16T06:30:00+05:30,PUNE_WEST,68.2,355.0,24.9,23.0,34.2,0.0,3.5,GOOD
2026-06-13T18:00:00+05:30,60,2026-06-16T06:45:00+05:30,PUNE_WEST,114.1,431.5,43.8,24.2,37.3,0.0,3.2,GOOD
2026-06-13T18:00:00+05:30,61,2026-06-16T07:00:00+05:30,PUNE_WEST,177.2,492.6,69.0,23.2,38.2,0.0,2.6,GOOD
2026-06-13T18:00:00+05:30,61,2026-06-16T07:15:00+05:30,PUNE_WEST,214.5,479.3,82.3,24.0,37.2,0.0,3.0,GOOD
2026-06-13T18:00:00+05:30,61,2026-06-16T07:30:00+05:30,PUNE_WEST,271.2,496.1,106.6,24.6,38.9,0.0,2.7,GOOD
2026-06-13T18:00:00+05:30,61,2026-06-16T07:45:00+05:30,PUNE_WEST,322.8,525.9,119.5,24.9,35.0,0.0,3.3,GOOD
2026-06-13T18:00:00+05:30,62,2026-06-16T08:00:00+05:30,PUNE_WEST,368.9,524.8,137.7,26.1,35.6,0.0,2.1,GOOD
2026-06-13T18:00:00+05:30,62,2026-06-16T08:15:00+05:30,PUNE_WEST,423.8,520.7,167.2,26.3,39.1,0.0,3.9,GOOD
2026-06-13T18:00:00+05:30,62,2026-06-16T08:30:00+05:30,PUNE_WEST,481.2,503.0,207.8,26.5,45.3,0.0,3.3,GOOD
2026-06-13T18:00:00+05:30,62,2026-06-16T08:45:00+05:30,PUNE_WEST,509.7,496.3,215.5,27.4,43.8,0.0,3.0,GOOD
2026-06-13T18:00:00+05:30,63,2026-06-16T09:00:00+05:30,PUNE_WEST,543.1,485.6,232.5,27.2,44.7,0.0,3.4,GOOD
2026-06-13T18:00:00+05:30,63,2026-06-16T09:15:00+05:30,PUNE_WEST,619.8,516.2,266.4,28.1,45.0,0.0,3.4,GOOD
2026-06-13T18:00:00+05:30,63,2026-06-16T09:30:00+05:30,PUNE_WEST,648.5,504.0,282.1,28.5,45.8,0.0,3.8,GOOD
2026-06-13T18:00:00+05:30,63,2026-06-16T09:45:00+05:30,PUNE_WEST,699.4,516.4,303.3,27.5,45.6,0.0,3.1,GOOD
2026-06-13T18:00:00+05:30,64,2026-06-16T10:00:00+05:30,PUNE_WEST,737.0,516.6,321.5,27.9,46.0,0.0,3.3,GOOD
2026-06-13T18:00:00+05:30,64,2026-06-16T10:15:00+05:30,PUNE_WEST,764.8,527.9,322.2,29.2,43.6,0.0,2.5,GOOD
2026-06-13T18:00:00+05:30,64,2026-06-16T10:30:00+05:30,PUNE_WEST,806.0,531.6,343.8,28.8,44.4,0.0,3.8,GOOD
2026-06-13T18:00:00+05:30,64,2026-06-16T10:45:00+05:30,PUNE_WEST,802.8,486.9,365.8,29.4,49.3,0.0,3.9,GOOD
2026-06-13T18:00:00+05:30,65,2026-06-16T11:00:00+05:30,PUNE_WEST,821.8,479.9,379.1,28.7,50.2,0.0,4.1,GOOD
2026-06-13T18:00:00+05:30,65,2026-06-16T11:15:00+05:30,PUNE_WEST,839.3,477.2,389.0,29.3,50.6,0.0,3.4,GOOD
2026-06-13T18:00:00+05:30,65,2026-06-16T11:30:00+05:30,PUNE_WEST,891.0,515.0,395.8,29.5,47.4,0.0,3.0,GOOD
2026-06-13T18:00:00+05:30,65,2026-06-16T11:45:00+05:30,PUNE_WEST,917.7,522.9,407.6,29.7,47.4,0.0,2.8,GOOD
2026-06-13T18:00:00+05:30,66,2026-06-16T12:00:00+05:30,PUNE_WEST,915.1,517.2,405.0,29.1,47.1,0.0,2.9,GOOD
2026-06-13T18:00:00+05:30,66,2026-06-16T12:15:00+05:30,PUNE_WEST,910.7,503.5,410.7,31.2,48.5,0.0,2.7,GOOD
2026-06-13T18:00:00+05:30,66,2026-06-16T12:30:00+05:30,PUNE_WEST,930.5,533.6,398.9,31.1,44.8,0.0,3.2,GOOD
2026-06-13T18:00:00+05:30,66,2026-06-16T12:45:00+05:30,PUNE_WEST,926.4,525.8,402.8,30.8,45.8,0.0,3.4,GOOD
2026-06-13T18:00:00+05:30,67,2026-06-16T13:00:00+05:30,PUNE_WEST,910.1,509.9,404.5,29.9,47.4,0.0,4.1,GOOD
2026-06-13T18:00:00+05:30,67,2026-06-16T13:15:00+05:30,PUNE_WEST,904.7,513.6,399.6,29.8,46.9,0.0,3.0,GOOD
2026-06-13T18:00:00+05:30,67,2026-06-16T13:30:00+05:30,PUNE_WEST,910.3,523.8,401.3,30.3,46.8,0.0,3.0,GOOD
2026-06-13T18:00:00+05:30,67,2026-06-16T13:45:00+05:30,PUNE_WEST,898.9,534.6,387.5,29.9,45.2,0.0,3.2,GOOD
2026-06-13T18:00:00+05:30,68,2026-06-16T14:00:00+05:30,PUNE_WEST,865.5,510.3,386.9,30.7,47.8,0.0,3.0,GOOD
2026-06-13T18:00:00+05:30,68,2026-06-16T14:15:00+05:30,PUNE_WEST,843.1,513.6,372.9,30.4,47.0,0.0,4.0,GOOD
2026-06-13T18:00:00+05:30,68,2026-06-16T14:30:00+05:30,PUNE_WEST,839.8,533.4,365.2,29.8,45.8,0.0,3.1,GOOD
2026-06-13T18:00:00+05:30,68,2026-06-16T14:45:00+05:30,PUNE_WEST,764.7,474.9,355.9,29.5,50.9,0.0,3.5,GOOD
2026-06-13T18:00:00+05:30,69,2026-06-16T15:00:00+05:30,PUNE_WEST,734.0,472.7,342.2,28.7,51.0,0.0,3.5,GOOD
2026-06-13T18:00:00+05:30,69,2026-06-16T15:15:00+05:30,PUNE_WEST,687.0,443.5,334.9,29.5,54.6,0.0,2.7,GOOD
2026-06-13T18:00:00+05:30,69,2026-06-16T15:30:00+05:30,PUNE_WEST,628.9,414.6,315.6,28.7,57.0,0.0,2.8,GOOD
2026-06-13T18:00:00+05:30,69,2026-06-16T15:45:00+05:30,PUNE_WEST,590.0,416.5,292.1,28.2,55.9,0.0,3.5,GOOD
2026-06-13T18:00:00+05:30,70,2026-06-16T16:00:00+05:30,PUNE_WEST,567.6,432.1,277.2,28.2,54.7,0.0,4.1,GOOD
2026-06-13T18:00:00+05:30,70,2026-06-16T16:15:00+05:30,PUNE_WEST,513.5,429.9,244.1,28.4,52.6,0.0,3.8,GOOD
2026-06-13T18:00:00+05:30,70,2026-06-16T16:30:00+05:30,PUNE_WEST,476.1,429.5,227.5,27.6,53.0,0.0,2.4,GOOD
2026-06-13T18:00:00+05:30,70,2026-06-16T16:45:00+05:30,PUNE_WEST,444.1,459.6,200.8,27.9,48.7,0.0,3.5,GOOD
2026-06-13T18:00:00+05:30,71,2026-06-16T17:00:00+05:30,PUNE_WEST,370.8,411.5,174.1,26.3,51.6,0.0,2.3,GOOD
2026-06-13T18:00:00+05:30,71,2026-06-16T17:15:00+05:30,PUNE_WEST,360.4,464.2,163.1,26.2,48.7,0.0,3.9,GOOD
2026-06-13T18:00:00+05:30,71,2026-06-16T17:30:00+05:30,PUNE_WEST,273.7,390.7,128.7,26.3,51.7,0.0,3.7,GOOD
2026-06-13T18:00:00+05:30,71,2026-06-16T17:45:00+05:30,PUNE_WEST,249.7,419.5,117.1,26.3,51.5,0.0,3.3,GOOD
2026-06-13T18:00:00+05:30,72,2026-06-16T18:00:00+05:30,PUNE_WEST,197.4,402.4,92.8,24.8,51.7,0.0,4.7,GOOD
2026-06-13T18:00:00+05:30,72,2026-06-16T18:15:00+05:30,PUNE_WEST,142.7,364.9,68.4,24.9,53.3,0.0,3.1,GOOD
2026-06-13T18:00:00+05:30,72,2026-06-16T18:30:00+05:30,PUNE_WEST,85.6,301.9,41.4,24.3,53.9,0.0,3.6,GOOD
2026-06-13T18:00:00+05:30,72,2026-06-16T18:45:00+05:30,PUNE_WEST,60.9,266.6,28.4,24.6,51.1,0.0,4.5,GOOD
2026-06-13T18:00:00+05:30,73,2026-06-16T19:00:00+05:30,PUNE_WEST,22.0,97.1,10.2,23.2,50.4,0.0,3.6,GOOD
2026-06-13T18:00:00+05:30,73,2026-06-16T19:15:00+05:30,PUNE_WEST,0,0.0,0.0,22.8,51.6,0.0,4.0,GOOD
2026-06-13T18:00:00+05:30,73,2026-06-16T19:30:00+05:30,PUNE_WEST,0,0.0,0.0,22.9,51.1,0.0,3.3,GOOD
2026-06-13T18:00:00+05:30,73,2026-06-16T19:45:00+05:30,PUNE_WEST,0,0.0,0.0,22.4,46.9,0.0,3.5,GOOD
2026-06-13T18:00:00+05:30,74,2026-06-16T20:00:00+05:30,PUNE_WEST,0,0.0,0.0,21.5,47.3,0.0,3.3,GOOD
2026-06-13T18:00:00+05:30,74,2026-06-16T20:15:00+05:30,PUNE_WEST,0,0.0,0.0,21.5,50.4,0.0,3.3,GOOD
2026-06-13T18:00:00+05:30,74,2026-06-16T20:30:00+05:30,PUNE_WEST,0,0.0,0.0,20.9,52.3,0.0,2.8,GOOD
2026-06-13T18:00:00+05:30,74,2026-06-16T20:45:00+05:30,PUNE_WEST,0,0.0,0.0,21.3,48.4,0.0,3.7,GOOD
2026-06-13T18:00:00+05:30,75,2026-06-16T21:00:00+05:30,PUNE_WEST,0,0.0,0.0,21.3,49.3,0.0,3.4,GOOD
2026-06-13T18:00:00+05:30,75,2026-06-16T21:15:00+05:30,PUNE_WEST,0,0.0,0.0,20.1,46.6,0.0,3.2,GOOD
2026-06-13T18:00:00+05:30,75,2026-06-16T21:30:00+05:30,PUNE_WEST,0,0.0,0.0,21.4,42.0,0.0,3.3,GOOD
2026-06-13T18:00:00+05:30,75,2026-06-16T21:45:00+05:30,PUNE_WEST,0,0.0,0.0,21.0,41.4,0.0,3.7,GOOD
2026-06-13T18:00:00+05:30,76,2026-06-16T22:00:00+05:30,PUNE_WEST,0,0.0,0.0,21.8,43.4,0.0,3.6,GOOD
2026-06-13T18:00:00+05:30,76,2026-06-16T22:15:00+05:30,PUNE_WEST,0,0.0,0.0,20.8,43.2,0.0,3.7,GOOD
2026-06-13T18:00:00+05:30,76,2026-06-16T22:30:00+05:30,PUNE_WEST,0,0.0,0.0,20,42.9,0.0,4.7,GOOD
2026-06-13T18:00:00+05:30,76,2026-06-16T22:45:00+05:30,PUNE_WEST,0,0.0,0.0,20,41.3,0.0,2.8,GOOD
2026-06-13T18:00:00+05:30,77,2026-06-16T23:00:00+05:30,PUNE_WEST,0,0.0,0.0,21.4,39.8,0.0,3.0,GOOD
2026-06-13T18:00:00+05:30,77,2026-06-16T23:15:00+05:30,PUNE_WEST,0,0.0,0.0,20.9,40.3,0.0,2.8,GOOD
2026-06-13T18:00:00+05:30,77,2026-06-16T23:30:00+05:30,PUNE_WEST,0,0.0,0.0,20.8,40.3,0.0,2.1,GOOD
2026-06-13T18:00:00+05:30,77,2026-06-16T23:45:00+05:30,PUNE_WEST,0,0.0,0.0,20.5,37.4,0.0,2.7,GOOD
2026-06-13T18:00:00+05:30,6,2026-06-14T00:00:00+05:30,PUNE_CENTRAL,0,0.0,0.0,20.0,40.8,0.0,3.3,GOOD
2026-06-13T18:00:00+05:30,6,2026-06-14T00:15:00+05:30,PUNE_CENTRAL,0,0.0,0.0,21.5,39.9,0.0,2.3,GOOD
2026-06-13T18:00:00+05:30,6,2026-06-14T00:30:00+05:30,PUNE_CENTRAL,0,0.0,0.0,21.3,42.0,0.0,3.2,GOOD
2026-06-13T18:00:00+05:30,6,2026-06-14T00:45:00+05:30,PUNE_CENTRAL,0,0.0,0.0,20.3,43.6,0.0,3.4,GOOD
2026-06-13T18:00:00+05:30,7,2026-06-14T01:00:00+05:30,PUNE_CENTRAL,0,0.0,0.0,21.1,44.4,0.0,2.4,GOOD
2026-06-13T18:00:00+05:30,7,2026-06-14T01:15:00+05:30,PUNE_CENTRAL,0,0.0,0.0,20.7,42.8,0.0,3.2,GOOD
2026-06-13T18:00:00+05:30,7,2026-06-14T01:30:00+05:30,PUNE_CENTRAL,0,0.0,0.0,20,41.2,0.0,3.9,GOOD
2026-06-13T18:00:00+05:30,7,2026-06-14T01:45:00+05:30,PUNE_CENTRAL,0,0.0,0.0,21.0,43.5,0.0,3.4,GOOD
2026-06-13T18:00:00+05:30,8,2026-06-14T02:00:00+05:30,PUNE_CENTRAL,0,0.0,0.0,20.0,45.7,0.0,3.7,GOOD
2026-06-13T18:00:00+05:30,8,2026-06-14T02:15:00+05:30,PUNE_CENTRAL,0,0.0,0.0,20,43.7,0.0,3.1,GOOD
2026-06-13T18:00:00+05:30,8,2026-06-14T02:30:00+05:30,PUNE_CENTRAL,0,0.0,0.0,20.3,44.7,0.0,2.9,GOOD
2026-06-13T18:00:00+05:30,8,2026-06-14T02:45:00+05:30,PUNE_CENTRAL,0,0.0,0.0,20,46.7,0.0,3.4,GOOD
2026-06-13T18:00:00+05:30,9,2026-06-14T03:00:00+05:30,PUNE_CENTRAL,0,0.0,0.0,20,47.8,0.0,2.9,GOOD
2026-06-13T18:00:00+05:30,9,2026-06-14T03:15:00+05:30,PUNE_CENTRAL,0,0.0,0.0,20.0,46.8,0.0,2.5,GOOD
2026-06-13T18:00:00+05:30,9,2026-06-14T03:30:00+05:30,PUNE_CENTRAL,0,0.0,0.0,20,42.2,0.0,3.9,GOOD
2026-06-13T18:00:00+05:30,9,2026-06-14T03:45:00+05:30,PUNE_CENTRAL,0,0.0,0.0,20,41.9,0.0,3.5,GOOD
2026-06-13T18:00:00+05:30,10,2026-06-14T04:00:00+05:30,PUNE_CENTRAL,0,0.0,0.0,20.6,41.8,0.0,2.2,GOOD
2026-06-13T18:00:00+05:30,10,2026-06-14T04:15:00+05:30,PUNE_CENTRAL,0,0.0,0.0,20.5,43.0,0.0,3.5,GOOD
2026-06-13T18:00:00+05:30,10,2026-06-14T04:30:00+05:30,PUNE_CENTRAL,0,0.0,0.0,21.0,45.5,0.0,3.5,GOOD
2026-06-13T18:00:00+05:30,10,2026-06-14T04:45:00+05:30,PUNE_CENTRAL,0,0.0,0.0,20.6,42.6,0.0,3.8,GOOD
2026-06-13T18:00:00+05:30,11,2026-06-14T05:00:00+05:30,PUNE_CENTRAL,0,0.0,0.0,21.0,47.3,0.0,3.6,GOOD
2026-06-13T18:00:00+05:30,11,2026-06-14T05:15:00+05:30,PUNE_CENTRAL,0,0.0,0.0,20,47.8,0.0,2.4,GOOD
2026-06-13T18:00:00+05:30,11,2026-06-14T05:30:00+05:30,PUNE_CENTRAL,0,0.0,0.0,21.1,47.6,0.0,3.6,GOOD
2026-06-13T18:00:00+05:30,11,2026-06-14T05:45:00+05:30,PUNE_CENTRAL,0,0.0,0.0,22.1,42.6,0.0,2.9,GOOD
2026-06-13T18:00:00+05:30,12,2026-06-14T06:00:00+05:30,PUNE_CENTRAL,0,0.0,0.0,22.4,39.9,0.0,2.9,GOOD
2026-06-13T18:00:00+05:30,12,2026-06-14T06:15:00+05:30,PUNE_CENTRAL,36.8,185.6,14.2,23.1,37.5,0.0,2.7,GOOD
2026-06-13T18:00:00+05:30,12,2026-06-14T06:30:00+05:30,PUNE_CENTRAL,88.0,457.4,32.3,22.9,34.4,0.0,2.9,GOOD
2026-06-13T18:00:00+05:30,12,2026-06-14T06:45:00+05:30,PUNE_CENTRAL,120.8,474.6,42.5,25.3,31.9,0.0,2.7,GOOD
2026-06-13T18:00:00+05:30,13,2026-06-14T07:00:00+05:30,PUNE_CENTRAL,174.5,502.6,63.0,23.8,33.5,0.0,3.6,GOOD
2026-06-13T18:00:00+05:30,13,2026-06-14T07:15:00+05:30,PUNE_CENTRAL,207.4,483.7,72.8,24.7,31.8,0.0,2.7,GOOD
2026-06-13T18:00:00+05:30,13,2026-06-14T07:30:00+05:30,PUNE_CENTRAL,284.8,539.8,104.4,24.2,34.4,0.0,3.8,GOOD
2026-06-13T18:00:00+05:30,13,2026-06-14T07:45:00+05:30,PUNE_CENTRAL,316.1,494.8,123.6,25.3,38.5,0.0,3.9,GOOD
2026-06-13T18:00:00+05:30,14,2026-06-14T08:00:00+05:30,PUNE_CENTRAL,372.2,493.3,153.7,26.3,42.2,0.0,3.1,GOOD
2026-06-13T18:00:00+05:30,14,2026-06-14T08:15:00+05:30,PUNE_CENTRAL,429.3,497.1,183.1,26.6,44.4,0.0,3.2,GOOD
2026-06-13T18:00:00+05:30,14,2026-06-14T08:30:00+05:30,PUNE_CENTRAL,460.3,468.7,204.4,26.1,47.4,0.0,4.5,GOOD
2026-06-13T18:00:00+05:30,14,2026-06-14T08:45:00+05:30,PUNE_CENTRAL,495.1,449.1,227.9,27.8,50.1,0.0,2.4,GOOD
2026-06-13T18:00:00+05:30,15,2026-06-14T09:00:00+05:30,PUNE_CENTRAL,546.2,459.2,251.4,26.4,50.1,0.0,2.6,GOOD
2026-06-13T18:00:00+05:30,15,2026-06-14T09:15:00+05:30,PUNE_CENTRAL,579.6,439.7,277.7,27.7,53.2,0.0,3.4,GOOD
2026-06-13T18:00:00+05:30,15,2026-06-14T09:30:00+05:30,PUNE_CENTRAL,653.1,490.6,295.5,27.4,48.7,0.0,3.0,GOOD
2026-06-13T18:00:00+05:30,15,2026-06-14T09:45:00+05:30,PUNE_CENTRAL,684.3,486.7,310.1,29.1,48.9,0.0,3.4,GOOD
2026-06-13T18:00:00+05:30,16,2026-06-14T10:00:00+05:30,PUNE_CENTRAL,708.9,474.6,326.5,28.7,50.1,0.0,3.8,GOOD
2026-06-13T18:00:00+05:30,16,2026-06-14T10:15:00+05:30,PUNE_CENTRAL,767.4,509.1,339.7,28.4,47.1,0.0,4.2,GOOD
2026-06-13T18:00:00+05:30,16,2026-06-14T10:30:00+05:30,PUNE_CENTRAL,792.7,513.4,345.5,29.6,46.0,0.0,2.8,GOOD
2026-06-13T18:00:00+05:30,16,2026-06-14T10:45:00+05:30,PUNE_CENTRAL,848.9,529.6,372.8,28.6,46.5,0.0,3.3,GOOD
2026-06-13T18:00:00+05:30,17,2026-06-14T11:00:00+05:30,PUNE_CENTRAL,854.5,539.4,356.4,29.4,42.8,0.0,3.2,GOOD
2026-06-13T18:00:00+05:30,17,2026-06-14T11:15:00+05:30,PUNE_CENTRAL,886.6,552.0,365.2,30.7,42.0,0.0,2.8,GOOD
2026-06-13T18:00:00+05:30,17,2026-06-14T11:30:00+05:30,PUNE_CENTRAL,928.9,565.3,385.0,30.4,42.4,0.0,3.6,GOOD
2026-06-13T18:00:00+05:30,17,2026-06-14T11:45:00+05:30,PUNE_CENTRAL,932.6,554.4,391.3,29.9,43.3,0.0,4.2,GOOD
2026-06-13T18:00:00+05:30,18,2026-06-14T12:00:00+05:30,PUNE_CENTRAL,934.3,554.1,387.6,30.0,42.5,0.0,3.1,GOOD
2026-06-13T18:00:00+05:30,18,2026-06-14T12:15:00+05:30,PUNE_CENTRAL,952.1,565.9,389.9,29.7,41.6,0.0,3.2,GOOD
2026-06-13T18:00:00+05:30,18,2026-06-14T12:30:00+05:30,PUNE_CENTRAL,941.3,560.7,382.7,30.9,41.1,0.0,3.4,GOOD
2026-06-13T18:00:00+05:30,18,2026-06-14T12:45:00+05:30,PUNE_CENTRAL,955.3,567.4,390.4,29.9,41.4,0.0,3.8,GOOD
2026-06-13T18:00:00+05:30,19,2026-06-14T13:00:00+05:30,PUNE_CENTRAL,937.8,531.1,411.4,30.1,46.4,0.0,3.5,GOOD
2026-06-13T18:00:00+05:30,19,2026-06-14T13:15:00+05:30,PUNE_CENTRAL,916.5,516.0,409.3,30.9,47.8,0.0,3.4,GOOD
2026-06-13T18:00:00+05:30,19,2026-06-14T13:30:00+05:30,PUNE_CENTRAL,907.2,521.4,400.8,29.6,47.0,0.0,4.6,GOOD
2026-06-13T18:00:00+05:30,19,2026-06-14T13:45:00+05:30,PUNE_CENTRAL,888.5,527.6,384.3,30.4,45.4,0.0,3.6,GOOD
2026-06-13T18:00:00+05:30,20,2026-06-14T14:00:00+05:30,PUNE_CENTRAL,846.1,507.3,370.9,30.0,46.4,0.0,2.8,GOOD
2026-06-13T18:00:00+05:30,20,2026-06-14T14:15:00+05:30,PUNE_CENTRAL,859.3,537.1,368.3,30.6,44.8,0.0,3.2,GOOD
2026-06-13T18:00:00+05:30,20,2026-06-14T14:30:00+05:30,PUNE_CENTRAL,822.8,522.7,358.4,29.3,45.9,0.0,3.3,GOOD
2026-06-13T18:00:00+05:30,20,2026-06-14T14:45:00+05:30,PUNE_CENTRAL,749.1,460.2,353.7,29.9,52.0,0.0,3.3,GOOD
2026-06-13T18:00:00+05:30,21,2026-06-14T15:00:00+05:30,PUNE_CENTRAL,731.2,465.1,346.7,29.1,52.3,0.0,3.0,GOOD
2026-06-13T18:00:00+05:30,21,2026-06-14T15:15:00+05:30,PUNE_CENTRAL,683.9,460.3,319.5,29.7,51.2,0.0,3.5,GOOD
2026-06-13T18:00:00+05:30,21,2026-06-14T15:30:00+05:30,PUNE_CENTRAL,659.2,468.7,306.0,28.0,50.7,0.0,3.6,GOOD
2026-06-13T18:00:00+05:30,21,2026-06-14T15:45:00+05:30,PUNE_CENTRAL,622.4,459.5,294.9,29.0,52.3,0.0,3.8,GOOD
2026-06-13T18:00:00+05:30,22,2026-06-14T16:00:00+05:30,PUNE_CENTRAL,581.8,467.5,268.8,27.3,50.3,0.0,2.9,GOOD
2026-06-13T18:00:00+05:30,22,2026-06-14T16:15:00+05:30,PUNE_CENTRAL,529.3,451.5,247.7,28.7,51.3,0.0,2.9,GOOD
2026-06-13T18:00:00+05:30,22,2026-06-14T16:30:00+05:30,PUNE_CENTRAL,490.9,454.6,229.1,27.7,51.1,0.0,3.5,GOOD
2026-06-13T18:00:00+05:30,22,2026-06-14T16:45:00+05:30,PUNE_CENTRAL,444.9,454.9,205.5,28.4,50.3,0.0,3.9,GOOD
2026-06-13T18:00:00+05:30,23,2026-06-14T17:00:00+05:30,PUNE_CENTRAL,382.9,438.0,175.0,26.8,49.5,0.0,3.6,GOOD
2026-06-13T18:00:00+05:30,23,2026-06-14T17:15:00+05:30,PUNE_CENTRAL,335.3,424.5,156.2,26.5,51.0,0.0,3.4,GOOD
2026-06-13T18:00:00+05:30,23,2026-06-14T17:30:00+05:30,PUNE_CENTRAL,275.9,384.1,134.7,26.6,54.7,0.0,3.8,GOOD
2026-06-13T18:00:00+05:30,23,2026-06-14T17:45:00+05:30,PUNE_CENTRAL,219.8,352.3,109.8,25.0,56.6,0.0,4.0,GOOD
2026-06-13T18:00:00+05:30,24,2026-06-14T18:00:00+05:30,PUNE_CENTRAL,187.1,362.1,94.2,25.3,57.3,0.0,3.9,GOOD
2026-06-13T18:00:00+05:30,24,2026-06-14T18:15:00+05:30,PUNE_CENTRAL,129.0,325.5,64.0,24.9,56.0,0.0,3.7,GOOD
2026-06-13T18:00:00+05:30,24,2026-06-14T18:30:00+05:30,PUNE_CENTRAL,105.9,383.6,51.1,24.2,53.7,0.0,4.6,GOOD
2026-06-13T18:00:00+05:30,24,2026-06-14T18:45:00+05:30,PUNE_CENTRAL,61.8,256.1,30.6,23.9,55.8,0.0,3.7,GOOD
2026-06-13T18:00:00+05:30,25,2026-06-14T19:00:00+05:30,PUNE_CENTRAL,10.1,41.9,5.0,22.3,55.7,0.0,3.7,GOOD
2026-06-13T18:00:00+05:30,25,2026-06-14T19:15:00+05:30,PUNE_CENTRAL,0,0.0,0.0,22.9,54.2,0.0,3.3,GOOD
2026-06-13T18:00:00+05:30,25,2026-06-14T19:30:00+05:30,PUNE_CENTRAL,0,0.0,0.0,23.5,55.3,0.0,3.8,GOOD
2026-06-13T18:00:00+05:30,25,2026-06-14T19:45:00+05:30,PUNE_CENTRAL,0,0.0,0.0,22.2,51.5,0.0,3.5,GOOD
2026-06-13T18:00:00+05:30,26,2026-06-14T20:00:00+05:30,PUNE_CENTRAL,0,0.0,0.0,22.6,54.9,0.0,3.9,GOOD
2026-06-13T18:00:00+05:30,26,2026-06-14T20:15:00+05:30,PUNE_CENTRAL,0,0.0,0.0,21.3,55.9,0.0,3.1,GOOD
2026-06-13T18:00:00+05:30,26,2026-06-14T20:30:00+05:30,PUNE_CENTRAL,0,0.0,0.0,20.8,53.4,0.0,3.5,GOOD
2026-06-13T18:00:00+05:30,26,2026-06-14T20:45:00+05:30,PUNE_CENTRAL,0,0.0,0.0,20.2,47.7,0.0,3.5,GOOD
2026-06-13T18:00:00+05:30,27,2026-06-14T21:00:00+05:30,PUNE_CENTRAL,0,0.0,0.0,20.8,46.5,0.0,3.2,GOOD
2026-06-13T18:00:00+05:30,27,2026-06-14T21:15:00+05:30,PUNE_CENTRAL,0,0.0,0.0,20.2,46.0,0.0,3.3,GOOD
2026-06-13T18:00:00+05:30,27,2026-06-14T21:30:00+05:30,PUNE_CENTRAL,0,0.0,0.0,20.8,46.5,0.0,3.8,GOOD
2026-06-13T18:00:00+05:30,27,2026-06-14T21:45:00+05:30,PUNE_CENTRAL,0,0.0,0.0,21.2,46.7,0.0,2.7,GOOD
2026-06-13T18:00:00+05:30,28,2026-06-14T22:00:00+05:30,PUNE_CENTRAL,0,0.0,0.0,21.0,44.6,0.0,3.3,GOOD
2026-06-13T18:00:00+05:30,28,2026-06-14T22:15:00+05:30,PUNE_CENTRAL,0,0.0,0.0,20.2,45.9,0.0,3.6,GOOD
2026-06-13T18:00:00+05:30,28,2026-06-14T22:30:00+05:30,PUNE_CENTRAL,0,0.0,0.0,21.0,44.6,0.0,3.3,GOOD
2026-06-13T18:00:00+05:30,28,2026-06-14T22:45:00+05:30,PUNE_CENTRAL,0,0.0,0.0,20,43.9,0.0,2.9,GOOD
2026-06-13T18:00:00+05:30,29,2026-06-14T23:00:00+05:30,PUNE_CENTRAL,0,0.0,0.0,20.5,45.0,0.0,3.4,GOOD
2026-06-13T18:00:00+05:30,29,2026-06-14T23:15:00+05:30,PUNE_CENTRAL,0,0.0,0.0,20.7,41.0,0.0,4.8,GOOD
2026-06-13T18:00:00+05:30,29,2026-06-14T23:30:00+05:30,PUNE_CENTRAL,0,0.0,0.0,21.1,41.9,0.0,4.0,GOOD
2026-06-13T18:00:00+05:30,29,2026-06-14T23:45:00+05:30,PUNE_CENTRAL,0,0.0,0.0,20.6,42.4,0.0,3.1,GOOD
2026-06-13T18:00:00+05:30,30,2026-06-15T00:00:00+05:30,PUNE_CENTRAL,0,0.0,0.0,20,78.5,0.0,3.1,GOOD
2026-06-13T18:00:00+05:30,30,2026-06-15T00:15:00+05:30,PUNE_CENTRAL,0,0.0,0.0,20,78.2,0.0,4.1,GOOD
2026-06-13T18:00:00+05:30,30,2026-06-15T00:30:00+05:30,PUNE_CENTRAL,0,0.0,0.0,20,77.7,0.0,4.4,GOOD
2026-06-13T18:00:00+05:30,30,2026-06-15T00:45:00+05:30,PUNE_CENTRAL,0,0.0,0.0,20,79.0,0.0,5.2,GOOD
2026-06-13T18:00:00+05:30,31,2026-06-15T01:00:00+05:30,PUNE_CENTRAL,0,0.0,0.0,20,79.7,0.0,5.2,GOOD
2026-06-13T18:00:00+05:30,31,2026-06-15T01:15:00+05:30,PUNE_CENTRAL,0,0.0,0.0,20,78.2,0.0,4.4,GOOD
2026-06-13T18:00:00+05:30,31,2026-06-15T01:30:00+05:30,PUNE_CENTRAL,0,0.0,0.0,20,79.2,0.0,3.4,GOOD
2026-06-13T18:00:00+05:30,31,2026-06-15T01:45:00+05:30,PUNE_CENTRAL,0,0.0,0.0,20,78.5,0.0,3.3,GOOD
2026-06-13T18:00:00+05:30,32,2026-06-15T02:00:00+05:30,PUNE_CENTRAL,0,0.0,0.0,20,77.9,0.0,3.6,GOOD
2026-06-13T18:00:00+05:30,32,2026-06-15T02:15:00+05:30,PUNE_CENTRAL,0,0.0,0.0,20,73.8,0.0,3.7,GOOD
2026-06-13T18:00:00+05:30,32,2026-06-15T02:30:00+05:30,PUNE_CENTRAL,0,0.0,0.0,20,73.4,0.0,3.6,GOOD
2026-06-13T18:00:00+05:30,32,2026-06-15T02:45:00+05:30,PUNE_CENTRAL,0,0.0,0.0,20,74.4,0.0,3.7,GOOD
2026-06-13T18:00:00+05:30,33,2026-06-15T03:00:00+05:30,PUNE_CENTRAL,0,0.0,0.0,20,75.3,0.0,4.1,GOOD
2026-06-13T18:00:00+05:30,33,2026-06-15T03:15:00+05:30,PUNE_CENTRAL,0,0.0,0.0,20,73.4,0.0,2.8,GOOD
2026-06-13T18:00:00+05:30,33,2026-06-15T03:30:00+05:30,PUNE_CENTRAL,0,0.0,0.0,20,74.8,0.0,4.0,GOOD
2026-06-13T18:00:00+05:30,33,2026-06-15T03:45:00+05:30,PUNE_CENTRAL,0,0.0,0.0,20,72.3,0.0,3.6,GOOD
2026-06-13T18:00:00+05:30,34,2026-06-15T04:00:00+05:30,PUNE_CENTRAL,0,0.0,0.0,20,71.4,0.0,3.3,GOOD
2026-06-13T18:00:00+05:30,34,2026-06-15T04:15:00+05:30,PUNE_CENTRAL,0,0.0,0.0,20,70.2,0.0,3.2,GOOD
2026-06-13T18:00:00+05:30,34,2026-06-15T04:30:00+05:30,PUNE_CENTRAL,0,0.0,0.0,20,69.6,0.0,3.7,GOOD
2026-06-13T18:00:00+05:30,34,2026-06-15T04:45:00+05:30,PUNE_CENTRAL,0,0.0,0.0,20,69.0,0.0,4.3,GOOD
2026-06-13T18:00:00+05:30,35,2026-06-15T05:00:00+05:30,PUNE_CENTRAL,0,0.0,0.0,20,70.6,0.0,4.0,GOOD
2026-06-13T18:00:00+05:30,35,2026-06-15T05:15:00+05:30,PUNE_CENTRAL,0,0.0,0.0,20,70.6,0.0,3.7,GOOD
2026-06-13T18:00:00+05:30,35,2026-06-15T05:30:00+05:30,PUNE_CENTRAL,0,0.0,0.0,20,67.1,0.0,2.3,GOOD
2026-06-13T18:00:00+05:30,35,2026-06-15T05:45:00+05:30,PUNE_CENTRAL,0,0.0,0.0,20.4,68.5,0.0,3.8,GOOD
2026-06-13T18:00:00+05:30,36,2026-06-15T06:00:00+05:30,PUNE_CENTRAL,0,0.0,0.0,21.5,69.4,0.0,3.8,GOOD
2026-06-13T18:00:00+05:30,36,2026-06-15T06:15:00+05:30,PUNE_CENTRAL,31.6,106.3,18.6,21.8,71.6,0.0,4.6,GOOD
2026-06-13T18:00:00+05:30,36,2026-06-15T06:30:00+05:30,PUNE_CENTRAL,31.0,96.2,19.3,20.9,76.9,0.0,4.0,GOOD
2026-06-13T18:00:00+05:30,36,2026-06-15T06:45:00+05:30,PUNE_CENTRAL,58.7,138.9,35.8,22.4,75.1,0.0,4.1,GOOD
2026-06-13T18:00:00+05:30,37,2026-06-15T07:00:00+05:30,PUNE_CENTRAL,111.2,196.5,67.7,23.1,74.8,0.0,3.5,GOOD
2026-06-13T18:00:00+05:30,37,2026-06-15T07:15:00+05:30,PUNE_CENTRAL,117.2,168.2,70.5,23.4,73.6,0.0,3.3,GOOD
2026-06-13T18:00:00+05:30,37,2026-06-15T07:30:00+05:30,PUNE_CENTRAL,163.8,201.2,96.7,23.2,71.7,0.0,3.3,GOOD
2026-06-13T18:00:00+05:30,37,2026-06-15T07:45:00+05:30,PUNE_CENTRAL,167.0,164.4,103.2,23.8,76.3,0.0,3.8,GOOD
2026-06-13T18:00:00+05:30,38,2026-06-15T08:00:00+05:30,PUNE_CENTRAL,219.0,181.9,138.6,24.6,78.8,0.0,4.7,GOOD
2026-06-13T18:00:00+05:30,38,2026-06-15T08:15:00+05:30,PUNE_CENTRAL,236.0,173.6,150.1,24.8,79.4,0.0,4.8,GOOD
2026-06-13T18:00:00+05:30,38,2026-06-15T08:30:00+05:30,PUNE_CENTRAL,256.4,170.4,163.5,25.5,79.6,0.0,4.1,GOOD
2026-06-13T18:00:00+05:30,38,2026-06-15T08:45:00+05:30,PUNE_CENTRAL,253.9,146.2,167.0,24.4,83.0,0.0,4.5,GOOD
2026-06-13T18:00:00+05:30,39,2026-06-15T09:00:00+05:30,PUNE_CENTRAL,262.4,136.2,175.0,25.0,84.5,0.0,4.0,GOOD
2026-06-13T18:00:00+05:30,39,2026-06-15T09:15:00+05:30,PUNE_CENTRAL,311.8,160.8,201.4,27.8,81.0,0.0,3.9,GOOD
2026-06-13T18:00:00+05:30,39,2026-06-15T09:30:00+05:30,PUNE_CENTRAL,348.1,170.0,224.3,25.9,80.7,0.0,4.7,GOOD
2026-06-13T18:00:00+05:30,39,2026-06-15T09:45:00+05:30,PUNE_CENTRAL,377.3,177.8,240.7,26.1,79.6,0.0,3.8,GOOD
2026-06-13T18:00:00+05:30,40,2026-06-15T10:00:00+05:30,PUNE_CENTRAL,373.7,159.6,245.2,27.3,82.7,0.0,3.8,GOOD
2026-06-13T18:00:00+05:30,40,2026-06-15T10:15:00+05:30,PUNE_CENTRAL,350.3,138.4,234.1,27.5,84.7,0.0,4.5,GOOD
2026-06-13T18:00:00+05:30,40,2026-06-15T10:30:00+05:30,PUNE_CENTRAL,397.4,155.3,262.2,28.1,83.3,0.0,3.7,GOOD
2026-06-13T18:00:00+05:30,40,2026-06-15T10:45:00+05:30,PUNE_CENTRAL,425.1,165.4,276.5,28.3,81.7,0.0,4.4,GOOD
2026-06-13T18:00:00+05:30,41,2026-06-15T11:00:00+05:30,PUNE_CENTRAL,451.7,172.4,292.6,28.4,81.3,0.0,4.2,GOOD
2026-06-13T18:00:00+05:30,41,2026-06-15T11:15:00+05:30,PUNE_CENTRAL,432.1,158.8,282.2,26.4,82.2,0.0,5.0,GOOD
2026-06-13T18:00:00+05:30,41,2026-06-15T11:30:00+05:30,PUNE_CENTRAL,450.5,160.2,296.3,28.0,83.0,0.0,5.1,GOOD
2026-06-13T18:00:00+05:30,41,2026-06-15T11:45:00+05:30,PUNE_CENTRAL,436.5,148.2,291.9,28.6,84.8,0.0,4.4,GOOD
2026-06-13T18:00:00+05:30,42,2026-06-15T12:00:00+05:30,PUNE_CENTRAL,456.4,159.7,298.8,29.2,82.5,0.0,3.6,GOOD
2026-06-13T18:00:00+05:30,42,2026-06-15T12:15:00+05:30,PUNE_CENTRAL,479.8,169.4,311.5,29.0,81.5,0.0,3.9,GOOD
2026-06-13T18:00:00+05:30,42,2026-06-15T12:30:00+05:30,PUNE_CENTRAL,474.9,164.3,311.2,28.6,82.6,0.0,3.8,GOOD
2026-06-13T18:00:00+05:30,42,2026-06-15T12:45:00+05:30,PUNE_CENTRAL,496.5,177.6,319.7,29.2,80.7,0.0,4.3,GOOD
2026-06-13T18:00:00+05:30,43,2026-06-15T13:00:00+05:30,PUNE_CENTRAL,493.4,179.5,315.5,28.8,79.9,0.0,4.3,GOOD
2026-06-13T18:00:00+05:30,43,2026-06-15T13:15:00+05:30,PUNE_CENTRAL,500.3,185.3,318.0,29.3,79.3,0.0,4.4,GOOD
2026-06-13T18:00:00+05:30,43,2026-06-15T13:30:00+05:30,PUNE_CENTRAL,484.2,182.7,306.7,30.1,78.9,0.0,4.5,GOOD
2026-06-13T18:00:00+05:30,43,2026-06-15T13:45:00+05:30,PUNE_CENTRAL,467.7,175.8,299.7,28.6,80.1,0.0,3.8,GOOD
2026-06-13T18:00:00+05:30,44,2026-06-15T14:00:00+05:30,PUNE_CENTRAL,470.6,178.7,303.2,28.5,80.7,0.0,4.4,GOOD
2026-06-13T18:00:00+05:30,44,2026-06-15T14:15:00+05:30,PUNE_CENTRAL,428.3,157.8,284.0,29.5,83.9,0.0,3.8,GOOD
2026-06-13T18:00:00+05:30,44,2026-06-15T14:30:00+05:30,PUNE_CENTRAL,444.7,179.8,285.0,28.6,80.1,0.0,4.0,GOOD
2026-06-13T18:00:00+05:30,44,2026-06-15T14:45:00+05:30,PUNE_CENTRAL,423.9,176.0,272.6,28.3,80.5,0.0,4.1,GOOD
2026-06-13T18:00:00+05:30,45,2026-06-15T15:00:00+05:30,PUNE_CENTRAL,401.9,176.0,256.4,27.5,79.6,0.0,3.4,GOOD
2026-06-13T18:00:00+05:30,45,2026-06-15T15:15:00+05:30,PUNE_CENTRAL,408.7,194.5,254.6,28.9,77.2,0.0,3.9,GOOD
2026-06-13T18:00:00+05:30,45,2026-06-15T15:30:00+05:30,PUNE_CENTRAL,409.3,209.6,251.2,27.3,75.6,0.0,3.7,GOOD
2026-06-13T18:00:00+05:30,45,2026-06-15T15:45:00+05:30,PUNE_CENTRAL,383.8,213.0,231.9,27.0,74.0,0.0,3.6,GOOD
2026-06-13T18:00:00+05:30,46,2026-06-15T16:00:00+05:30,PUNE_CENTRAL,353.1,215.1,209.0,29.6,72.0,0.0,3.8,GOOD
2026-06-13T18:00:00+05:30,46,2026-06-15T16:15:00+05:30,PUNE_CENTRAL,338.2,209.5,207.4,26.4,75.5,0.0,3.6,GOOD
2026-06-13T18:00:00+05:30,46,2026-06-15T16:30:00+05:30,PUNE_CENTRAL,272.5,178.5,169.5,26.7,77.0,0.0,4.2,GOOD
2026-06-13T18:00:00+05:30,46,2026-06-15T16:45:00+05:30,PUNE_CENTRAL,270.6,192.9,169.0,25.6,77.4,0.0,3.5,GOOD
2026-06-13T18:00:00+05:30,47,2026-06-15T17:00:00+05:30,PUNE_CENTRAL,220.9,169.8,140.1,25.7,79.1,0.0,4.2,GOOD
2026-06-13T18:00:00+05:30,47,2026-06-15T17:15:00+05:30,PUNE_CENTRAL,179.7,153.1,115.0,25.6,80.0,0.0,2.9,GOOD
2026-06-13T18:00:00+05:30,47,2026-06-15T17:30:00+05:30,PUNE_CENTRAL,132.0,121.6,87.2,25.1,83.4,0.0,4.4,GOOD
2026-06-13T18:00:00+05:30,47,2026-06-15T17:45:00+05:30,PUNE_CENTRAL,128.1,137.1,85.1,25.3,84.1,0.0,4.7,GOOD
2026-06-13T18:00:00+05:30,48,2026-06-15T18:00:00+05:30,PUNE_CENTRAL,95.1,128.9,61.9,25.0,81.9,0.0,3.9,GOOD
2026-06-13T18:00:00+05:30,48,2026-06-15T18:15:00+05:30,PUNE_CENTRAL,51.0,86.6,33.6,23.3,83.2,0.0,4.5,GOOD
2026-06-13T18:00:00+05:30,48,2026-06-15T18:30:00+05:30,PUNE_CENTRAL,43.4,103.8,28.5,23.7,82.7,0.0,4.2,GOOD
2026-06-13T18:00:00+05:30,48,2026-06-15T18:45:00+05:30,PUNE_CENTRAL,32.6,88.0,21.9,22.7,85.2,0.0,3.7,GOOD
2026-06-13T18:00:00+05:30,49,2026-06-15T19:00:00+05:30,PUNE_CENTRAL,4.3,11.7,2.9,22.4,85.0,0.0,3.7,GOOD
2026-06-13T18:00:00+05:30,49,2026-06-15T19:15:00+05:30,PUNE_CENTRAL,0,0.0,0.0,23.1,81.0,0.0,3.7,GOOD
2026-06-13T18:00:00+05:30,49,2026-06-15T19:30:00+05:30,PUNE_CENTRAL,0,0.0,0.0,21.9,80.0,0.0,4.1,GOOD
2026-06-13T18:00:00+05:30,49,2026-06-15T19:45:00+05:30,PUNE_CENTRAL,0,0.0,0.0,20.8,78.4,0.0,3.0,GOOD
2026-06-13T18:00:00+05:30,50,2026-06-15T20:00:00+05:30,PUNE_CENTRAL,0,0.0,0.0,21.3,75.4,0.0,3.4,GOOD
2026-06-13T18:00:00+05:30,50,2026-06-15T20:15:00+05:30,PUNE_CENTRAL,0,0.0,0.0,21.5,75.1,0.0,3.6,GOOD
2026-06-13T18:00:00+05:30,50,2026-06-15T20:30:00+05:30,PUNE_CENTRAL,0,0.0,0.0,20,73.8,0.0,4.2,GOOD
2026-06-13T18:00:00+05:30,50,2026-06-15T20:45:00+05:30,PUNE_CENTRAL,0,0.0,0.0,20,74.8,0.0,3.9,GOOD
2026-06-13T18:00:00+05:30,51,2026-06-15T21:00:00+05:30,PUNE_CENTRAL,0,0.0,0.0,20,76.2,0.0,4.3,GOOD
2026-06-13T18:00:00+05:30,51,2026-06-15T21:15:00+05:30,PUNE_CENTRAL,0,0.0,0.0,20,74.7,0.0,4.6,GOOD
2026-06-13T18:00:00+05:30,51,2026-06-15T21:30:00+05:30,PUNE_CENTRAL,0,0.0,0.0,20,77.4,0.0,4.0,GOOD
2026-06-13T18:00:00+05:30,51,2026-06-15T21:45:00+05:30,PUNE_CENTRAL,0,0.0,0.0,20,77.7,0.0,3.5,GOOD
2026-06-13T18:00:00+05:30,52,2026-06-15T22:00:00+05:30,PUNE_CENTRAL,0,0.0,0.0,20.1,74.8,0.0,4.1,GOOD
2026-06-13T18:00:00+05:30,52,2026-06-15T22:15:00+05:30,PUNE_CENTRAL,0,0.0,0.0,20,77.3,0.0,3.4,GOOD
2026-06-13T18:00:00+05:30,52,2026-06-15T22:30:00+05:30,PUNE_CENTRAL,0,0.0,0.0,20,75.9,0.0,4.1,GOOD
2026-06-13T18:00:00+05:30,52,2026-06-15T22:45:00+05:30,PUNE_CENTRAL,0,0.0,0.0,20,79.6,0.0,4.0,GOOD
2026-06-13T18:00:00+05:30,53,2026-06-15T23:00:00+05:30,PUNE_CENTRAL,0,0.0,0.0,20,80.8,0.0,4.7,GOOD
2026-06-13T18:00:00+05:30,53,2026-06-15T23:15:00+05:30,PUNE_CENTRAL,0,0.0,0.0,20,79.4,0.0,3.0,GOOD
2026-06-13T18:00:00+05:30,53,2026-06-15T23:30:00+05:30,PUNE_CENTRAL,0,0.0,0.0,20,79.6,0.0,3.8,GOOD
2026-06-13T18:00:00+05:30,53,2026-06-15T23:45:00+05:30,PUNE_CENTRAL,0,0.0,0.0,20,77.6,0.0,4.3,GOOD
2026-06-13T18:00:00+05:30,54,2026-06-16T00:00:00+05:30,PUNE_CENTRAL,0,0.0,0.0,20.8,43.0,0.0,2.9,GOOD
2026-06-13T18:00:00+05:30,54,2026-06-16T00:15:00+05:30,PUNE_CENTRAL,0,0.0,0.0,20,44.0,0.0,3.9,GOOD
2026-06-13T18:00:00+05:30,54,2026-06-16T00:30:00+05:30,PUNE_CENTRAL,0,0.0,0.0,21.1,44.2,0.0,3.1,GOOD
2026-06-13T18:00:00+05:30,54,2026-06-16T00:45:00+05:30,PUNE_CENTRAL,0,0.0,0.0,20.2,43.7,0.0,3.5,GOOD
2026-06-13T18:00:00+05:30,55,2026-06-16T01:00:00+05:30,PUNE_CENTRAL,0,0.0,0.0,20.4,40.7,0.0,2.2,GOOD
2026-06-13T18:00:00+05:30,55,2026-06-16T01:15:00+05:30,PUNE_CENTRAL,0,0.0,0.0,20.2,39.1,0.0,2.8,GOOD
2026-06-13T18:00:00+05:30,55,2026-06-16T01:30:00+05:30,PUNE_CENTRAL,0,0.0,0.0,20.2,42.0,0.0,3.2,GOOD
2026-06-13T18:00:00+05:30,55,2026-06-16T01:45:00+05:30,PUNE_CENTRAL,0,0.0,0.0,20.3,39.7,0.0,3.1,GOOD
2026-06-13T18:00:00+05:30,56,2026-06-16T02:00:00+05:30,PUNE_CENTRAL,0,0.0,0.0,20.4,38.0,0.0,3.3,GOOD
2026-06-13T18:00:00+05:30,56,2026-06-16T02:15:00+05:30,PUNE_CENTRAL,0,0.0,0.0,20.7,38.4,0.0,3.0,GOOD
2026-06-13T18:00:00+05:30,56,2026-06-16T02:30:00+05:30,PUNE_CENTRAL,0,0.0,0.0,21.7,38.8,0.0,3.2,GOOD
2026-06-13T18:00:00+05:30,56,2026-06-16T02:45:00+05:30,PUNE_CENTRAL,0,0.0,0.0,20.0,36.0,0.0,2.7,GOOD
2026-06-13T18:00:00+05:30,57,2026-06-16T03:00:00+05:30,PUNE_CENTRAL,0,0.0,0.0,21.3,33.8,0.0,2.4,GOOD
2026-06-13T18:00:00+05:30,57,2026-06-16T03:15:00+05:30,PUNE_CENTRAL,0,0.0,0.0,20.6,34.1,0.0,3.4,GOOD
2026-06-13T18:00:00+05:30,57,2026-06-16T03:30:00+05:30,PUNE_CENTRAL,0,0.0,0.0,20.5,35.3,0.0,2.7,GOOD
2026-06-13T18:00:00+05:30,57,2026-06-16T03:45:00+05:30,PUNE_CENTRAL,0,0.0,0.0,20,36.6,0.0,3.2,GOOD
2026-06-13T18:00:00+05:30,58,2026-06-16T04:00:00+05:30,PUNE_CENTRAL,0,0.0,0.0,20.6,41.2,0.0,4.1,GOOD
2026-06-13T18:00:00+05:30,58,2026-06-16T04:15:00+05:30,PUNE_CENTRAL,0,0.0,0.0,20.7,43.6,0.0,3.7,GOOD
2026-06-13T18:00:00+05:30,58,2026-06-16T04:30:00+05:30,PUNE_CENTRAL,0,0.0,0.0,20.8,41.2,0.0,3.3,GOOD
2026-06-13T18:00:00+05:30,58,2026-06-16T04:45:00+05:30,PUNE_CENTRAL,0,0.0,0.0,21.9,41.5,0.0,3.3,GOOD
2026-06-13T18:00:00+05:30,59,2026-06-16T05:00:00+05:30,PUNE_CENTRAL,0,0.0,0.0,20,43.5,0.0,2.9,GOOD
2026-06-13T18:00:00+05:30,59,2026-06-16T05:15:00+05:30,PUNE_CENTRAL,0,0.0,0.0,21.4,42.9,0.0,3.2,GOOD
2026-06-13T18:00:00+05:30,59,2026-06-16T05:30:00+05:30,PUNE_CENTRAL,0,0.0,0.0,22.0,44.2,0.0,3.1,GOOD
2026-06-13T18:00:00+05:30,59,2026-06-16T05:45:00+05:30,PUNE_CENTRAL,0,0.0,0.0,20.6,42.1,0.0,2.3,GOOD
2026-06-13T18:00:00+05:30,60,2026-06-16T06:00:00+05:30,PUNE_CENTRAL,0,0.0,0.0,22.7,42.1,0.0,3.7,GOOD
2026-06-13T18:00:00+05:30,60,2026-06-16T06:15:00+05:30,PUNE_CENTRAL,32.4,157.1,13.2,22.7,41.4,0.0,3.6,GOOD
2026-06-13T18:00:00+05:30,60,2026-06-16T06:30:00+05:30,PUNE_CENTRAL,63.6,318.1,24.8,23.7,38.3,0.0,3.2,GOOD
2026-06-13T18:00:00+05:30,60,2026-06-16T06:45:00+05:30,PUNE_CENTRAL,113.0,399.6,47.5,23.5,43.4,0.0,3.0,GOOD
2026-06-13T18:00:00+05:30,61,2026-06-16T07:00:00+05:30,PUNE_CENTRAL,172.8,438.7,76.0,23.6,46.6,0.0,3.1,GOOD
2026-06-13T18:00:00+05:30,61,2026-06-16T07:15:00+05:30,PUNE_CENTRAL,204.0,410.5,90.3,23.9,47.1,0.0,3.3,GOOD
2026-06-13T18:00:00+05:30,61,2026-06-16T07:30:00+05:30,PUNE_CENTRAL,284.7,486.3,122.8,24.6,45.2,0.0,2.9,GOOD
2026-06-13T18:00:00+05:30,61,2026-06-16T07:45:00+05:30,PUNE_CENTRAL,308.1,453.2,132.4,25.5,44.9,0.0,3.8,GOOD
2026-06-13T18:00:00+05:30,62,2026-06-16T08:00:00+05:30,PUNE_CENTRAL,364.2,476.0,154.0,26.3,43.8,0.0,2.8,GOOD
2026-06-13T18:00:00+05:30,62,2026-06-16T08:15:00+05:30,PUNE_CENTRAL,407.8,471.3,175.1,25.8,44.9,0.0,3.6,GOOD
2026-06-13T18:00:00+05:30,62,2026-06-16T08:30:00+05:30,PUNE_CENTRAL,459.0,484.3,195.2,26.1,44.2,0.0,3.1,GOOD
2026-06-13T18:00:00+05:30,62,2026-06-16T08:45:00+05:30,PUNE_CENTRAL,538.7,523.0,228.1,26.4,43.9,0.0,3.7,GOOD
2026-06-13T18:00:00+05:30,63,2026-06-16T09:00:00+05:30,PUNE_CENTRAL,575.4,521.6,241.2,26.8,43.2,0.0,2.9,GOOD
2026-06-13T18:00:00+05:30,63,2026-06-16T09:15:00+05:30,PUNE_CENTRAL,618.4,513.4,266.4,28.4,45.1,0.0,3.3,GOOD
2026-06-13T18:00:00+05:30,63,2026-06-16T09:30:00+05:30,PUNE_CENTRAL,681.4,541.8,287.0,27.8,43.5,0.0,3.5,GOOD
2026-06-13T18:00:00+05:30,63,2026-06-16T09:45:00+05:30,PUNE_CENTRAL,674.0,485.6,301.1,28.0,47.8,0.0,3.2,GOOD
2026-06-13T18:00:00+05:30,64,2026-06-16T10:00:00+05:30,PUNE_CENTRAL,730.9,506.2,323.5,28.3,47.1,0.0,3.9,GOOD
2026-06-13T18:00:00+05:30,64,2026-06-16T10:15:00+05:30,PUNE_CENTRAL,777.4,512.3,347.6,28.1,47.9,0.0,3.5,GOOD
2026-06-13T18:00:00+05:30,64,2026-06-16T10:30:00+05:30,PUNE_CENTRAL,791.6,499.9,356.6,28.8,48.4,0.0,3.4,GOOD
2026-06-13T18:00:00+05:30,64,2026-06-16T10:45:00+05:30,PUNE_CENTRAL,823.7,503.7,371.3,29.3,48.5,0.0,3.5,GOOD
2026-06-13T18:00:00+05:30,65,2026-06-16T11:00:00+05:30,PUNE_CENTRAL,836.7,490.9,383.7,28.7,49.8,0.0,3.9,GOOD
2026-06-13T18:00:00+05:30,65,2026-06-16T11:15:00+05:30,PUNE_CENTRAL,886.6,528.9,387.4,29.2,46.2,0.0,3.5,GOOD
2026-06-13T18:00:00+05:30,65,2026-06-16T11:30:00+05:30,PUNE_CENTRAL,902.1,536.4,386.3,31.0,44.7,0.0,3.8,GOOD
2026-06-13T18:00:00+05:30,65,2026-06-16T11:45:00+05:30,PUNE_CENTRAL,946.2,579.0,381.2,29.6,40.5,0.0,2.1,GOOD
2026-06-13T18:00:00+05:30,66,2026-06-16T12:00:00+05:30,PUNE_CENTRAL,952.1,571.5,388.5,28.8,41.3,0.0,3.2,GOOD
2026-06-13T18:00:00+05:30,66,2026-06-16T12:15:00+05:30,PUNE_CENTRAL,967.8,605.3,366.6,30.0,36.5,0.0,3.2,GOOD
2026-06-13T18:00:00+05:30,66,2026-06-16T12:30:00+05:30,PUNE_CENTRAL,979.7,630.7,351.4,31.0,33.1,0.0,3.7,GOOD
2026-06-13T18:00:00+05:30,66,2026-06-16T12:45:00+05:30,PUNE_CENTRAL,980.6,633.2,350.2,30.9,32.9,0.0,2.9,GOOD
2026-06-13T18:00:00+05:30,67,2026-06-16T13:00:00+05:30,PUNE_CENTRAL,976.7,627.4,354.8,29.7,33.9,0.0,3.1,GOOD
2026-06-13T18:00:00+05:30,67,2026-06-16T13:15:00+05:30,PUNE_CENTRAL,935.7,603.9,342.0,30.4,34.3,0.0,3.0,GOOD
2026-06-13T18:00:00+05:30,67,2026-06-16T13:30:00+05:30,PUNE_CENTRAL,945.8,602.8,360.2,31.3,36.8,0.0,4.2,GOOD
2026-06-13T18:00:00+05:30,67,2026-06-16T13:45:00+05:30,PUNE_CENTRAL,914.4,595.8,344.8,30.0,36.2,0.0,2.8,GOOD
2026-06-13T18:00:00+05:30,68,2026-06-16T14:00:00+05:30,PUNE_CENTRAL,915.0,605.3,347.8,29.6,36.7,0.0,2.4,GOOD
2026-06-13T18:00:00+05:30,68,2026-06-16T14:15:00+05:30,PUNE_CENTRAL,883.6,597.5,337.0,29.7,36.9,0.0,3.3,GOOD
2026-06-13T18:00:00+05:30,68,2026-06-16T14:30:00+05:30,PUNE_CENTRAL,848.0,574.5,337.2,30.4,39.6,0.0,3.3,GOOD
2026-06-13T18:00:00+05:30,68,2026-06-16T14:45:00+05:30,PUNE_CENTRAL,833.2,583.7,331.1,30.2,39.6,0.0,3.1,GOOD
2026-06-13T18:00:00+05:30,69,2026-06-16T15:00:00+05:30,PUNE_CENTRAL,767.3,541.6,318.9,30.4,42.6,0.0,2.6,GOOD
2026-06-13T18:00:00+05:30,69,2026-06-16T15:15:00+05:30,PUNE_CENTRAL,716.5,512.5,310.2,29.0,45.5,0.0,3.8,GOOD
2026-06-13T18:00:00+05:30,69,2026-06-16T15:30:00+05:30,PUNE_CENTRAL,682.4,511.9,296.1,30.3,45.6,0.0,3.4,GOOD
2026-06-13T18:00:00+05:30,69,2026-06-16T15:45:00+05:30,PUNE_CENTRAL,652.0,526.7,276.0,28.5,43.9,0.0,3.5,GOOD
2026-06-13T18:00:00+05:30,70,2026-06-16T16:00:00+05:30,PUNE_CENTRAL,589.4,499.1,254.6,27.7,45.3,0.0,4.3,GOOD
2026-06-13T18:00:00+05:30,70,2026-06-16T16:15:00+05:30,PUNE_CENTRAL,547.1,497.8,235.9,27.6,45.2,0.0,3.2,GOOD
2026-06-13T18:00:00+05:30,70,2026-06-16T16:30:00+05:30,PUNE_CENTRAL,487.6,470.0,216.2,27.9,47.2,0.0,3.4,GOOD
2026-06-13T18:00:00+05:30,70,2026-06-16T16:45:00+05:30,PUNE_CENTRAL,431.2,458.1,189.4,27.2,46.5,0.0,4.1,GOOD
2026-06-13T18:00:00+05:30,71,2026-06-16T17:00:00+05:30,PUNE_CENTRAL,406.6,496.1,170.3,27.1,43.1,0.0,2.4,GOOD
2026-06-13T18:00:00+05:30,71,2026-06-16T17:15:00+05:30,PUNE_CENTRAL,353.2,475.6,151.7,27.0,44.9,0.0,3.6,GOOD
2026-06-13T18:00:00+05:30,71,2026-06-16T17:30:00+05:30,PUNE_CENTRAL,283.9,429.5,125.2,27.3,46.9,0.0,2.8,GOOD
2026-06-13T18:00:00+05:30,71,2026-06-16T17:45:00+05:30,PUNE_CENTRAL,232.2,427.4,97.9,25.3,43.6,0.0,2.5,GOOD
2026-06-13T18:00:00+05:30,72,2026-06-16T18:00:00+05:30,PUNE_CENTRAL,182.3,410.3,76.3,25.5,43.1,0.0,3.0,GOOD
2026-06-13T18:00:00+05:30,72,2026-06-16T18:15:00+05:30,PUNE_CENTRAL,132.4,394.6,52.8,25.7,39.8,0.0,3.3,GOOD
2026-06-13T18:00:00+05:30,72,2026-06-16T18:30:00+05:30,PUNE_CENTRAL,120.0,487.8,49.4,24.9,41.9,0.0,4.1,GOOD
2026-06-13T18:00:00+05:30,72,2026-06-16T18:45:00+05:30,PUNE_CENTRAL,63.5,301.7,26.8,23.5,43.5,0.0,3.1,GOOD
2026-06-13T18:00:00+05:30,73,2026-06-16T19:00:00+05:30,PUNE_CENTRAL,23.6,109.0,10.3,24.7,46.3,0.0,3.1,GOOD
2026-06-13T18:00:00+05:30,73,2026-06-16T19:15:00+05:30,PUNE_CENTRAL,0,0.0,0.0,23.4,48.6,0.0,2.8,GOOD
2026-06-13T18:00:00+05:30,73,2026-06-16T19:30:00+05:30,PUNE_CENTRAL,0,0.0,0.0,22.5,48.7,0.0,2.8,GOOD
2026-06-13T18:00:00+05:30,73,2026-06-16T19:45:00+05:30,PUNE_CENTRAL,0,0.0,0.0,22.3,42.5,0.0,3.6,GOOD
2026-06-13T18:00:00+05:30,74,2026-06-16T20:00:00+05:30,PUNE_CENTRAL,0,0.0,0.0,21.7,41.3,0.0,3.7,GOOD
2026-06-13T18:00:00+05:30,74,2026-06-16T20:15:00+05:30,PUNE_CENTRAL,0,0.0,0.0,21.5,41.1,0.0,3.0,GOOD
2026-06-13T18:00:00+05:30,74,2026-06-16T20:30:00+05:30,PUNE_CENTRAL,0,0.0,0.0,21.3,44.0,0.0,3.4,GOOD
2026-06-13T18:00:00+05:30,74,2026-06-16T20:45:00+05:30,PUNE_CENTRAL,0,0.0,0.0,20.6,43.8,0.0,3.2,GOOD
2026-06-13T18:00:00+05:30,75,2026-06-16T21:00:00+05:30,PUNE_CENTRAL,0,0.0,0.0,20,43.6,0.0,3.8,GOOD
2026-06-13T18:00:00+05:30,75,2026-06-16T21:15:00+05:30,PUNE_CENTRAL,0,0.0,0.0,20,43.0,0.0,2.1,GOOD
2026-06-13T18:00:00+05:30,75,2026-06-16T21:30:00+05:30,PUNE_CENTRAL,0,0.0,0.0,20,41.3,0.0,2.9,GOOD
2026-06-13T18:00:00+05:30,75,2026-06-16T21:45:00+05:30,PUNE_CENTRAL,0,0.0,0.0,20.9,38.8,0.0,3.4,GOOD
2026-06-13T18:00:00+05:30,76,2026-06-16T22:00:00+05:30,PUNE_CENTRAL,0,0.0,0.0,20.9,38.4,0.0,4.0,GOOD
2026-06-13T18:00:00+05:30,76,2026-06-16T22:15:00+05:30,PUNE_CENTRAL,0,0.0,0.0,20.2,37.3,0.0,2.6,GOOD
2026-06-13T18:00:00+05:30,76,2026-06-16T22:30:00+05:30,PUNE_CENTRAL,0,0.0,0.0,20,42.1,0.0,2.9,GOOD
2026-06-13T18:00:00+05:30,76,2026-06-16T22:45:00+05:30,PUNE_CENTRAL,0,0.0,0.0,21.1,42.1,0.0,3.1,GOOD
2026-06-13T18:00:00+05:30,77,2026-06-16T23:00:00+05:30,PUNE_CENTRAL,0,0.0,0.0,21.2,38.6,0.0,3.2,GOOD
2026-06-13T18:00:00+05:30,77,2026-06-16T23:15:00+05:30,PUNE_CENTRAL,0,0.0,0.0,21.3,41.2,0.0,3.0,GOOD
2026-06-13T18:00:00+05:30,77,2026-06-16T23:30:00+05:30,PUNE_CENTRAL,0,0.0,0.0,20.4,39.1,0.0,4.1,GOOD
2026-06-13T18:00:00+05:30,77,2026-06-16T23:45:00+05:30,PUNE_CENTRAL,0,0.0,0.0,20.8,39.9,0.0,2.9,GOOD
2026-06-13T18:00:00+05:30,6,2026-06-14T00:00:00+05:30,PUNE_EAST,0,0.0,0.0,21.5,39.8,0.0,3.2,GOOD
2026-06-13T18:00:00+05:30,6,2026-06-14T00:15:00+05:30,PUNE_EAST,0,0.0,0.0,20.5,39.1,0.0,4.3,GOOD
2026-06-13T18:00:00+05:30,6,2026-06-14T00:30:00+05:30,PUNE_EAST,0,0.0,0.0,20.2,40.0,0.0,2.6,GOOD
2026-06-13T18:00:00+05:30,6,2026-06-14T00:45:00+05:30,PUNE_EAST,0,0.0,0.0,20.6,45.3,0.0,2.9,GOOD
2026-06-13T18:00:00+05:30,7,2026-06-14T01:00:00+05:30,PUNE_EAST,0,0.0,0.0,20.5,48.1,0.0,2.0,GOOD
2026-06-13T18:00:00+05:30,7,2026-06-14T01:15:00+05:30,PUNE_EAST,0,0.0,0.0,20,50.8,0.0,3.1,GOOD
2026-06-13T18:00:00+05:30,7,2026-06-14T01:30:00+05:30,PUNE_EAST,0,0.0,0.0,20,50.1,0.0,3.5,GOOD
2026-06-13T18:00:00+05:30,7,2026-06-14T01:45:00+05:30,PUNE_EAST,0,0.0,0.0,20.2,49.2,0.0,3.2,GOOD
2026-06-13T18:00:00+05:30,8,2026-06-14T02:00:00+05:30,PUNE_EAST,0,0.0,0.0,20.6,48.7,0.0,3.8,GOOD
2026-06-13T18:00:00+05:30,8,2026-06-14T02:15:00+05:30,PUNE_EAST,0,0.0,0.0,20.7,47.8,0.0,3.7,GOOD
2026-06-13T18:00:00+05:30,8,2026-06-14T02:30:00+05:30,PUNE_EAST,0,0.0,0.0,20,44.7,0.0,3.2,GOOD
2026-06-13T18:00:00+05:30,8,2026-06-14T02:45:00+05:30,PUNE_EAST,0,0.0,0.0,20.1,46.3,0.0,3.9,GOOD
2026-06-13T18:00:00+05:30,9,2026-06-14T03:00:00+05:30,PUNE_EAST,0,0.0,0.0,20.1,47.0,0.0,4.2,GOOD
2026-06-13T18:00:00+05:30,9,2026-06-14T03:15:00+05:30,PUNE_EAST,0,0.0,0.0,20,46.1,0.0,3.3,GOOD
2026-06-13T18:00:00+05:30,9,2026-06-14T03:30:00+05:30,PUNE_EAST,0,0.0,0.0,20.0,46.8,0.0,2.7,GOOD
2026-06-13T18:00:00+05:30,9,2026-06-14T03:45:00+05:30,PUNE_EAST,0,0.0,0.0,20.7,46.7,0.0,3.4,GOOD
2026-06-13T18:00:00+05:30,10,2026-06-14T04:00:00+05:30,PUNE_EAST,0,0.0,0.0,20,45.6,0.0,4.0,GOOD
2026-06-13T18:00:00+05:30,10,2026-06-14T04:15:00+05:30,PUNE_EAST,0,0.0,0.0,20.2,47.9,0.0,3.6,GOOD
2026-06-13T18:00:00+05:30,10,2026-06-14T04:30:00+05:30,PUNE_EAST,0,0.0,0.0,20.6,49.0,0.0,3.5,GOOD
2026-06-13T18:00:00+05:30,10,2026-06-14T04:45:00+05:30,PUNE_EAST,0,0.0,0.0,20.0,49.3,0.0,3.6,GOOD
2026-06-13T18:00:00+05:30,11,2026-06-14T05:00:00+05:30,PUNE_EAST,0,0.0,0.0,21.2,48.8,0.0,2.9,GOOD
2026-06-13T18:00:00+05:30,11,2026-06-14T05:15:00+05:30,PUNE_EAST,0,0.0,0.0,21.5,46.6,0.0,3.9,GOOD
2026-06-13T18:00:00+05:30,11,2026-06-14T05:30:00+05:30,PUNE_EAST,0,0.0,0.0,21.7,47.5,0.0,3.4,GOOD
2026-06-13T18:00:00+05:30,11,2026-06-14T05:45:00+05:30,PUNE_EAST,0,0.0,0.0,20.8,48.0,0.0,3.8,GOOD
2026-06-13T18:00:00+05:30,12,2026-06-14T06:00:00+05:30,PUNE_EAST,0,0.0,0.0,22.0,44.6,0.0,3.5,GOOD
2026-06-13T18:00:00+05:30,12,2026-06-14T06:15:00+05:30,PUNE_EAST,38.8,178.7,17.0,22.9,46.5,0.0,3.9,GOOD
2026-06-13T18:00:00+05:30,12,2026-06-14T06:30:00+05:30,PUNE_EAST,64.7,304.6,27.6,23.6,44.4,0.0,2.9,GOOD
2026-06-13T18:00:00+05:30,12,2026-06-14T06:45:00+05:30,PUNE_EAST,110.4,384.5,46.4,23.8,43.4,0.0,3.4,GOOD
2026-06-13T18:00:00+05:30,13,2026-06-14T07:00:00+05:30,PUNE_EAST,158.4,423.7,63.8,23.6,40.4,0.0,3.1,GOOD
2026-06-13T18:00:00+05:30,13,2026-06-14T07:15:00+05:30,PUNE_EAST,213.0,458.9,84.6,26.1,39.6,0.0,3.6,GOOD
2026-06-13T18:00:00+05:30,13,2026-06-14T07:30:00+05:30,PUNE_EAST,271.3,468.3,114.2,24.8,43.5,0.0,2.9,GOOD
2026-06-13T18:00:00+05:30,13,2026-06-14T07:45:00+05:30,PUNE_EAST,321.9,477.9,135.4,25.1,43.4,0.0,3.2,GOOD
2026-06-13T18:00:00+05:30,14,2026-06-14T08:00:00+05:30,PUNE_EAST,370.6,478.1,158.4,25.8,44.5,0.0,3.4,GOOD
2026-06-13T18:00:00+05:30,14,2026-06-14T08:15:00+05:30,PUNE_EAST,422.7,481.2,183.9,25.4,45.8,0.0,3.3,GOOD
2026-06-13T18:00:00+05:30,14,2026-06-14T08:30:00+05:30,PUNE_EAST,464.6,478.0,203.1,26.3,46.2,0.0,2.5,GOOD
2026-06-13T18:00:00+05:30,14,2026-06-14T08:45:00+05:30,PUNE_EAST,509.6,465.7,232.0,26.3,49.2,0.0,4.0,GOOD
2026-06-13T18:00:00+05:30,15,2026-06-14T09:00:00+05:30,PUNE_EAST,560.8,491.9,244.5,27.4,46.0,0.0,3.7,GOOD
2026-06-13T18:00:00+05:30,15,2026-06-14T09:15:00+05:30,PUNE_EAST,618.4,516.7,263.1,28.4,44.2,0.0,2.9,GOOD
2026-06-13T18:00:00+05:30,15,2026-06-14T09:30:00+05:30,PUNE_EAST,634.2,498.3,270.4,27.3,44.4,0.0,3.0,GOOD
2026-06-13T18:00:00+05:30,15,2026-06-14T09:45:00+05:30,PUNE_EAST,687.2,515.8,290.2,28.2,43.7,0.0,3.7,GOOD
2026-06-13T18:00:00+05:30,16,2026-06-14T10:00:00+05:30,PUNE_EAST,738.7,524.8,315.3,27.9,44.5,0.0,3.8,GOOD
2026-06-13T18:00:00+05:30,16,2026-06-14T10:15:00+05:30,PUNE_EAST,775.6,528.7,331.1,29.8,44.5,0.0,3.4,GOOD
2026-06-13T18:00:00+05:30,16,2026-06-14T10:30:00+05:30,PUNE_EAST,801.5,525.2,343.7,29.9,44.8,0.0,3.3,GOOD
2026-06-13T18:00:00+05:30,16,2026-06-14T10:45:00+05:30,PUNE_EAST,834.3,517.7,368.6,28.4,47.0,0.0,3.8,GOOD
2026-06-13T18:00:00+05:30,17,2026-06-14T11:00:00+05:30,PUNE_EAST,840.9,504.4,374.9,29.0,47.6,0.0,2.7,GOOD
2026-06-13T18:00:00+05:30,17,2026-06-14T11:15:00+05:30,PUNE_EAST,873.7,504.5,396.9,30.3,49.1,0.0,3.5,GOOD
2026-06-13T18:00:00+05:30,17,2026-06-14T11:30:00+05:30,PUNE_EAST,897.1,525.6,391.2,30.0,46.0,0.0,2.2,GOOD
2026-06-13T18:00:00+05:30,17,2026-06-14T11:45:00+05:30,PUNE_EAST,896.2,509.4,398.8,29.1,47.5,0.0,3.2,GOOD
2026-06-13T18:00:00+05:30,18,2026-06-14T12:00:00+05:30,PUNE_EAST,918.4,525.4,399.9,29.8,45.9,0.0,4.4,GOOD
2026-06-13T18:00:00+05:30,18,2026-06-14T12:15:00+05:30,PUNE_EAST,925.9,517.7,411.5,31.0,47.4,0.0,4.2,GOOD
2026-06-13T18:00:00+05:30,18,2026-06-14T12:30:00+05:30,PUNE_EAST,938.6,538.3,402.1,30.6,44.7,0.0,3.5,GOOD
2026-06-13T18:00:00+05:30,18,2026-06-14T12:45:00+05:30,PUNE_EAST,944.5,563.5,383.5,30.1,41.0,0.0,2.8,GOOD
2026-06-13T18:00:00+05:30,19,2026-06-14T13:00:00+05:30,PUNE_EAST,929.2,526.4,407.5,30.3,46.4,0.0,3.4,GOOD
2026-06-13T18:00:00+05:30,19,2026-06-14T13:15:00+05:30,PUNE_EAST,914.9,529.4,394.6,30.1,45.2,0.0,2.9,GOOD
2026-06-13T18:00:00+05:30,19,2026-06-14T13:30:00+05:30,PUNE_EAST,908.6,519.3,404.3,30.4,47.5,0.0,3.6,GOOD
2026-06-13T18:00:00+05:30,19,2026-06-14T13:45:00+05:30,PUNE_EAST,880.6,511.9,391.4,29.3,47.4,0.0,3.6,GOOD
2026-06-13T18:00:00+05:30,20,2026-06-14T14:00:00+05:30,PUNE_EAST,899.4,558.6,376.4,29.6,43.1,0.0,3.2,GOOD
2026-06-13T18:00:00+05:30,20,2026-06-14T14:15:00+05:30,PUNE_EAST,846.9,532.7,360.0,29.7,44.2,0.0,2.4,GOOD
2026-06-13T18:00:00+05:30,20,2026-06-14T14:30:00+05:30,PUNE_EAST,806.7,515.9,348.6,30.2,45.4,0.0,2.8,GOOD
2026-06-13T18:00:00+05:30,20,2026-06-14T14:45:00+05:30,PUNE_EAST,802.7,528.2,349.1,29.6,45.8,0.0,3.2,GOOD
2026-06-13T18:00:00+05:30,21,2026-06-14T15:00:00+05:30,PUNE_EAST,737.4,497.9,325.9,29.6,47.0,0.0,2.2,GOOD
2026-06-13T18:00:00+05:30,21,2026-06-14T15:15:00+05:30,PUNE_EAST,707.4,498.9,312.8,29.5,47.0,0.0,3.2,GOOD
2026-06-13T18:00:00+05:30,21,2026-06-14T15:30:00+05:30,PUNE_EAST,682.0,512.9,295.8,28.3,45.6,0.0,4.1,GOOD
2026-06-13T18:00:00+05:30,21,2026-06-14T15:45:00+05:30,PUNE_EAST,630.2,500.6,273.8,28.2,45.7,0.0,3.5,GOOD
2026-06-13T18:00:00+05:30,22,2026-06-14T16:00:00+05:30,PUNE_EAST,593.5,503.9,256.6,27.4,45.4,0.0,3.5,GOOD
2026-06-13T18:00:00+05:30,22,2026-06-14T16:15:00+05:30,PUNE_EAST,544.8,490.7,239.1,28.2,46.5,0.0,3.4,GOOD
2026-06-13T18:00:00+05:30,22,2026-06-14T16:30:00+05:30,PUNE_EAST,496.2,487.1,216.0,27.7,45.9,0.0,3.2,GOOD
2026-06-13T18:00:00+05:30,22,2026-06-14T16:45:00+05:30,PUNE_EAST,459.3,498.1,197.6,26.5,45.0,0.0,3.0,GOOD
2026-06-13T18:00:00+05:30,23,2026-06-14T17:00:00+05:30,PUNE_EAST,396.8,485.1,166.9,26.9,43.4,0.0,3.1,GOOD
2026-06-13T18:00:00+05:30,23,2026-06-14T17:15:00+05:30,PUNE_EAST,343.0,459.5,149.5,25.9,46.0,0.0,4.1,GOOD
2026-06-13T18:00:00+05:30,23,2026-06-14T17:30:00+05:30,PUNE_EAST,301.0,453.8,134.6,26.4,47.9,0.0,3.4,GOOD
2026-06-13T18:00:00+05:30,23,2026-06-14T17:45:00+05:30,PUNE_EAST,224.6,401.4,99.5,26.2,47.2,0.0,3.1,GOOD
2026-06-13T18:00:00+05:30,24,2026-06-14T18:00:00+05:30,PUNE_EAST,181.5,386.2,82.8,24.8,49.4,0.0,2.9,GOOD
2026-06-13T18:00:00+05:30,24,2026-06-14T18:15:00+05:30,PUNE_EAST,142.1,404.2,61.7,24.5,45.7,0.0,3.6,GOOD
2026-06-13T18:00:00+05:30,24,2026-06-14T18:30:00+05:30,PUNE_EAST,86.7,348.8,37.1,24.1,44.8,0.0,2.7,GOOD
2026-06-13T18:00:00+05:30,24,2026-06-14T18:45:00+05:30,PUNE_EAST,56.5,263.0,24.4,24.3,45.4,0.0,3.7,GOOD
2026-06-13T18:00:00+05:30,25,2026-06-14T19:00:00+05:30,PUNE_EAST,26.0,119.2,11.4,24.7,46.8,0.0,2.7,GOOD
2026-06-13T18:00:00+05:30,25,2026-06-14T19:15:00+05:30,PUNE_EAST,0,0.0,0.0,23.6,45.0,0.0,3.1,GOOD
2026-06-13T18:00:00+05:30,25,2026-06-14T19:30:00+05:30,PUNE_EAST,0,0.0,0.0,23.2,44.5,0.0,4.4,GOOD
2026-06-13T18:00:00+05:30,25,2026-06-14T19:45:00+05:30,PUNE_EAST,0,0.0,0.0,22.9,40.8,0.0,3.2,GOOD
2026-06-13T18:00:00+05:30,26,2026-06-14T20:00:00+05:30,PUNE_EAST,0,0.0,0.0,23.5,42.4,0.0,2.8,GOOD
2026-06-13T18:00:00+05:30,26,2026-06-14T20:15:00+05:30,PUNE_EAST,0,0.0,0.0,21.9,41.5,0.0,2.2,GOOD
2026-06-13T18:00:00+05:30,26,2026-06-14T20:30:00+05:30,PUNE_EAST,0,0.0,0.0,22.1,38.1,0.0,3.4,GOOD
2026-06-13T18:00:00+05:30,26,2026-06-14T20:45:00+05:30,PUNE_EAST,0,0.0,0.0,21.2,40.0,0.0,2.9,GOOD
2026-06-13T18:00:00+05:30,27,2026-06-14T21:00:00+05:30,PUNE_EAST,0,0.0,0.0,21.9,38.7,0.0,3.4,GOOD
2026-06-13T18:00:00+05:30,27,2026-06-14T21:15:00+05:30,PUNE_EAST,0,0.0,0.0,20.5,39.3,0.0,3.3,GOOD
2026-06-13T18:00:00+05:30,27,2026-06-14T21:30:00+05:30,PUNE_EAST,0,0.0,0.0,20.6,38.6,0.0,3.1,GOOD
2026-06-13T18:00:00+05:30,27,2026-06-14T21:45:00+05:30,PUNE_EAST,0,0.0,0.0,21.3,37.4,0.0,2.5,GOOD
2026-06-13T18:00:00+05:30,28,2026-06-14T22:00:00+05:30,PUNE_EAST,0,0.0,0.0,20.3,38.2,0.0,3.1,GOOD
2026-06-13T18:00:00+05:30,28,2026-06-14T22:15:00+05:30,PUNE_EAST,0,0.0,0.0,20.1,34.5,0.0,3.0,GOOD
2026-06-13T18:00:00+05:30,28,2026-06-14T22:30:00+05:30,PUNE_EAST,0,0.0,0.0,21.3,33.8,0.0,2.8,GOOD
2026-06-13T18:00:00+05:30,28,2026-06-14T22:45:00+05:30,PUNE_EAST,0,0.0,0.0,21.7,33.4,0.0,2.9,GOOD
2026-06-13T18:00:00+05:30,29,2026-06-14T23:00:00+05:30,PUNE_EAST,0,0.0,0.0,21.4,33.5,0.0,2.8,GOOD
2026-06-13T18:00:00+05:30,29,2026-06-14T23:15:00+05:30,PUNE_EAST,0,0.0,0.0,21.5,35.1,0.0,2.8,GOOD
2026-06-13T18:00:00+05:30,29,2026-06-14T23:30:00+05:30,PUNE_EAST,0,0.0,0.0,21.0,34.9,0.0,3.5,GOOD
2026-06-13T18:00:00+05:30,29,2026-06-14T23:45:00+05:30,PUNE_EAST,0,0.0,0.0,20.4,38.8,0.0,2.5,GOOD
2026-06-13T18:00:00+05:30,30,2026-06-15T00:00:00+05:30,PUNE_EAST,0,0.0,0.0,20,87.6,0.0,3.8,GOOD
2026-06-13T18:00:00+05:30,30,2026-06-15T00:15:00+05:30,PUNE_EAST,0,0.0,0.0,20,87.2,0.0,3.3,GOOD
2026-06-13T18:00:00+05:30,30,2026-06-15T00:30:00+05:30,PUNE_EAST,0,0.0,0.0,20,85.6,0.0,3.6,GOOD
2026-06-13T18:00:00+05:30,30,2026-06-15T00:45:00+05:30,PUNE_EAST,0,0.0,0.0,20,86.5,0.0,5.1,GOOD
2026-06-13T18:00:00+05:30,31,2026-06-15T01:00:00+05:30,PUNE_EAST,0,0.0,0.0,20,84.4,0.0,3.3,GOOD
2026-06-13T18:00:00+05:30,31,2026-06-15T01:15:00+05:30,PUNE_EAST,0,0.0,0.0,20,87.4,0.0,4.5,GOOD
2026-06-13T18:00:00+05:30,31,2026-06-15T01:30:00+05:30,PUNE_EAST,0.0,0.0,0.0,20,90,0.59,5.9,GOOD
2026-06-13T18:00:00+05:30,31,2026-06-15T01:45:00+05:30,PUNE_EAST,0,0.0,0.0,20,84.8,0.0,4.4,GOOD
2026-06-13T18:00:00+05:30,32,2026-06-15T02:00:00+05:30,PUNE_EAST,0,0.0,0.0,20,86.6,0.0,3.6,GOOD
2026-06-13T18:00:00+05:30,32,2026-06-15T02:15:00+05:30,PUNE_EAST,0,0.0,0.0,20,86.0,0.0,4.8,GOOD
2026-06-13T18:00:00+05:30,32,2026-06-15T02:30:00+05:30,PUNE_EAST,0,0.0,0.0,20,90.6,0.0,4.5,GOOD
2026-06-13T18:00:00+05:30,32,2026-06-15T02:45:00+05:30,PUNE_EAST,0,0.0,0.0,20,88.4,0.0,3.2,GOOD
2026-06-13T18:00:00+05:30,33,2026-06-15T03:00:00+05:30,PUNE_EAST,0,0.0,0.0,20,89.7,0.0,4.4,GOOD
2026-06-13T18:00:00+05:30,33,2026-06-15T03:15:00+05:30,PUNE_EAST,0,0.0,0.0,20,91.0,0.0,4.2,GOOD
2026-06-13T18:00:00+05:30,33,2026-06-15T03:30:00+05:30,PUNE_EAST,0,0.0,0.0,20,91.0,0.0,4.7,GOOD
2026-06-13T18:00:00+05:30,33,2026-06-15T03:45:00+05:30,PUNE_EAST,0,0.0,0.0,20,87.3,0.0,5.0,GOOD
2026-06-13T18:00:00+05:30,34,2026-06-15T04:00:00+05:30,PUNE_EAST,0,0.0,0.0,20,90.3,0.0,4.2,GOOD
2026-06-13T18:00:00+05:30,34,2026-06-15T04:15:00+05:30,PUNE_EAST,0,0.0,0.0,20,91.8,0.0,4.1,GOOD
2026-06-13T18:00:00+05:30,34,2026-06-15T04:30:00+05:30,PUNE_EAST,0,0.0,0.0,20,89.6,0.0,3.5,GOOD
2026-06-13T18:00:00+05:30,34,2026-06-15T04:45:00+05:30,PUNE_EAST,0,0.0,0.0,20,93.7,0.0,4.3,GOOD
2026-06-13T18:00:00+05:30,35,2026-06-15T05:00:00+05:30,PUNE_EAST,0,0.0,0.0,20,91.1,0.0,3.5,GOOD
2026-06-13T18:00:00+05:30,35,2026-06-15T05:15:00+05:30,PUNE_EAST,0,0.0,0.0,20,93.6,0.0,3.4,GOOD
2026-06-13T18:00:00+05:30,35,2026-06-15T05:30:00+05:30,PUNE_EAST,0,0.0,0.0,20.2,95.3,0.0,4.0,GOOD
2026-06-13T18:00:00+05:30,35,2026-06-15T05:45:00+05:30,PUNE_EAST,0,0.0,0.0,20,92.9,0.0,4.0,GOOD
2026-06-13T18:00:00+05:30,36,2026-06-15T06:00:00+05:30,PUNE_EAST,0,0.0,0.0,20.5,93.1,0.0,3.8,GOOD
2026-06-13T18:00:00+05:30,36,2026-06-15T06:15:00+05:30,PUNE_EAST,1.6,3.7,1.1,20.4,92.7,0.0,4.3,GOOD
2026-06-13T18:00:00+05:30,36,2026-06-15T06:30:00+05:30,PUNE_EAST,24.4,51.1,18.2,21.1,97.5,0.0,3.7,GOOD
2026-06-13T18:00:00+05:30,36,2026-06-15T06:45:00+05:30,PUNE_EAST,23.1,35.8,17.1,20.4,97.1,0.0,4.7,GOOD
2026-06-13T18:00:00+05:30,37,2026-06-15T07:00:00+05:30,PUNE_EAST,29.0,36.0,20.9,22.1,93.8,0.0,4.4,GOOD
2026-06-13T18:00:00+05:30,37,2026-06-15T07:15:00+05:30,PUNE_EAST,47.8,46.3,34.9,22.5,94.9,0.0,4.8,GOOD
2026-06-13T18:00:00+05:30,37,2026-06-15T07:30:00+05:30,PUNE_EAST,33.9,26.3,25.1,22.6,96.8,0.0,4.6,GOOD
2026-06-13T18:00:00+05:30,37,2026-06-15T07:45:00+05:30,PUNE_EAST,49.7,32.2,37.2,23.0,98.0,0.0,4.5,GOOD
2026-06-13T18:00:00+05:30,38,2026-06-15T08:00:00+05:30,PUNE_EAST,73.6,43.4,54.3,24.7,96.4,0.0,3.7,GOOD
2026-06-13T18:00:00+05:30,38,2026-06-15T08:15:00+05:30,PUNE_EAST,77.3,40.4,57.3,23.8,96.8,0.0,4.9,GOOD
2026-06-13T18:00:00+05:30,38,2026-06-15T08:30:00+05:30,PUNE_EAST,70.8,33.1,52.7,24.4,97.3,0.0,4.3,GOOD
2026-06-13T18:00:00+05:30,38,2026-06-15T08:45:00+05:30,PUNE_EAST,96.7,42.1,71.7,24.9,96.9,0.0,3.6,GOOD
2026-06-13T18:00:00+05:30,39,2026-06-15T09:00:00+05:30,PUNE_EAST,99.1,41.2,72.6,26.8,95.4,0.0,4.5,GOOD
2026-06-13T18:00:00+05:30,39,2026-06-15T09:15:00+05:30,PUNE_EAST,129.2,51.0,94.1,25.9,94.8,0.0,4.0,GOOD
2026-06-13T18:00:00+05:30,39,2026-06-15T09:30:00+05:30,PUNE_EAST,132.2,49.9,95.7,25.2,94.1,0.0,3.7,GOOD
2026-06-13T18:00:00+05:30,39,2026-06-15T09:45:00+05:30,PUNE_EAST,150.8,52.3,110.5,26.9,95.5,0.0,3.9,GOOD
2026-06-13T18:00:00+05:30,40,2026-06-15T10:00:00+05:30,PUNE_EAST,176.0,60.9,126.9,26.4,93.5,0.0,4.0,GOOD
2026-06-13T18:00:00+05:30,40,2026-06-15T10:15:00+05:30,PUNE_EAST,220.2,78.1,154.6,26.6,90.3,0.0,5.0,GOOD
2026-06-13T18:00:00+05:30,40,2026-06-15T10:30:00+05:30,PUNE_EAST,249.6,87.0,173.8,27.3,89.4,0.0,4.6,GOOD
2026-06-13T18:00:00+05:30,40,2026-06-15T10:45:00+05:30,PUNE_EAST,289.7,107.0,193.5,26.6,84.7,0.0,3.3,GOOD
2026-06-13T18:00:00+05:30,41,2026-06-15T11:00:00+05:30,PUNE_EAST,265.1,95.4,176.9,27.4,84.6,0.0,4.3,GOOD
2026-06-13T18:00:00+05:30,41,2026-06-15T11:15:00+05:30,PUNE_EAST,292.8,104.2,194.3,28.5,84.0,0.0,3.5,GOOD
2026-06-13T18:00:00+05:30,41,2026-06-15T11:30:00+05:30,PUNE_EAST,299.5,105.4,198.1,27.7,83.6,0.0,4.7,GOOD
2026-06-13T18:00:00+05:30,41,2026-06-15T11:45:00+05:30,PUNE_EAST,343.2,122.7,223.4,28.3,81.8,0.0,3.8,GOOD
2026-06-13T18:00:00+05:30,42,2026-06-15T12:00:00+05:30,PUNE_EAST,342.8,122.7,221.8,28.2,81.1,0.0,4.5,GOOD
2026-06-13T18:00:00+05:30,42,2026-06-15T12:15:00+05:30,PUNE_EAST,309.5,105.6,204.6,28.3,83.5,0.0,3.9,GOOD
2026-06-13T18:00:00+05:30,42,2026-06-15T12:30:00+05:30,PUNE_EAST,328.3,112.3,216.4,28.6,83.2,0.0,3.6,GOOD
2026-06-13T18:00:00+05:30,42,2026-06-15T12:45:00+05:30,PUNE_EAST,299.8,99.1,201.1,29.5,85.2,0.0,4.4,GOOD
2026-06-13T18:00:00+05:30,43,2026-06-15T13:00:00+05:30,PUNE_EAST,312.7,105.8,207.9,29.2,84.1,0.0,4.1,GOOD
2026-06-13T18:00:00+05:30,43,2026-06-15T13:15:00+05:30,PUNE_EAST,336.1,115.4,222.6,28.6,83.7,0.0,3.6,GOOD
2026-06-13T18:00:00+05:30,43,2026-06-15T13:30:00+05:30,PUNE_EAST,326.7,116.3,213.8,29.2,82.4,0.0,4.6,GOOD
2026-06-13T18:00:00+05:30,43,2026-06-15T13:45:00+05:30,PUNE_EAST,294.8,107.1,192.5,29.3,82.2,0.0,4.0,GOOD
2026-06-13T18:00:00+05:30,44,2026-06-15T14:00:00+05:30,PUNE_EAST,316.3,118.6,205.2,29.9,81.5,0.0,4.0,GOOD
2026-06-13T18:00:00+05:30,44,2026-06-15T14:15:00+05:30,PUNE_EAST,330.2,132.5,209.1,30.0,78.9,0.0,3.8,GOOD
2026-06-13T18:00:00+05:30,44,2026-06-15T14:30:00+05:30,PUNE_EAST,304.7,124.7,194.0,28.0,79.4,0.0,4.5,GOOD
2026-06-13T18:00:00+05:30,44,2026-06-15T14:45:00+05:30,PUNE_EAST,62.0,21.7,43.4,26.1,90,0.1,5.0,GOOD
2026-06-13T18:00:00+05:30,45,2026-06-15T15:00:00+05:30,PUNE_EAST,68.3,24.8,47.8,25.5,90,0.66,4.4,GOOD
2026-06-13T18:00:00+05:30,45,2026-06-15T15:15:00+05:30,PUNE_EAST,106.2,40.2,74.3,25.5,90,0.24,6.0,GOOD
2026-06-13T18:00:00+05:30,45,2026-06-15T15:30:00+05:30,PUNE_EAST,228.6,103.7,150.4,27.1,83.0,0.0,3.6,GOOD
2026-06-13T18:00:00+05:30,45,2026-06-15T15:45:00+05:30,PUNE_EAST,197.3,90.7,132.6,27.2,85.4,0.0,4.3,GOOD
2026-06-13T18:00:00+05:30,46,2026-06-15T16:00:00+05:30,PUNE_EAST,185.5,91.2,124.4,28.0,85.1,0.0,4.4,GOOD
2026-06-13T18:00:00+05:30,46,2026-06-15T16:15:00+05:30,PUNE_EAST,193.0,106.4,126.7,26.1,82.7,0.0,3.8,GOOD
2026-06-13T18:00:00+05:30,46,2026-06-15T16:30:00+05:30,PUNE_EAST,174.3,103.2,114.9,26.3,83.2,0.0,3.6,GOOD
2026-06-13T18:00:00+05:30,46,2026-06-15T16:45:00+05:30,PUNE_EAST,141.1,87.9,94.9,26.0,85.4,0.0,3.7,GOOD
2026-06-13T18:00:00+05:30,47,2026-06-15T17:00:00+05:30,PUNE_EAST,152.5,109.4,100.6,25.3,83.3,0.0,3.0,GOOD
2026-06-13T18:00:00+05:30,47,2026-06-15T17:15:00+05:30,PUNE_EAST,115.7,95.4,75.4,27.0,82.0,0.0,3.8,GOOD
2026-06-13T18:00:00+05:30,47,2026-06-15T17:30:00+05:30,PUNE_EAST,108.9,99.5,72.4,25.0,84.0,0.0,4.1,GOOD
2026-06-13T18:00:00+05:30,47,2026-06-15T17:45:00+05:30,PUNE_EAST,73.6,76.6,49.6,24.5,85.8,0.0,3.9,GOOD
2026-06-13T18:00:00+05:30,48,2026-06-15T18:00:00+05:30,PUNE_EAST,21.1,24.6,14.7,22.8,90,0.28,5.6,GOOD
2026-06-13T18:00:00+05:30,48,2026-06-15T18:15:00+05:30,PUNE_EAST,46.9,78.2,31.3,24.0,84.5,0.0,3.7,GOOD
2026-06-13T18:00:00+05:30,48,2026-06-15T18:30:00+05:30,PUNE_EAST,38.3,90.7,25.3,23.2,83.6,0.0,3.8,GOOD
2026-06-13T18:00:00+05:30,48,2026-06-15T18:45:00+05:30,PUNE_EAST,19.9,49.0,13.9,20,90,0.38,5.1,GOOD
2026-06-13T18:00:00+05:30,49,2026-06-15T19:00:00+05:30,PUNE_EAST,14.9,38.8,10.2,23.3,87.0,0.0,4.1,GOOD
2026-06-13T18:00:00+05:30,49,2026-06-15T19:15:00+05:30,PUNE_EAST,0,0.0,0.0,21.4,87.3,0.0,4.1,GOOD
2026-06-13T18:00:00+05:30,49,2026-06-15T19:30:00+05:30,PUNE_EAST,0,0.0,0.0,20.8,84.2,0.0,3.7,GOOD
2026-06-13T18:00:00+05:30,49,2026-06-15T19:45:00+05:30,PUNE_EAST,0,0.0,0.0,20.6,86.6,0.0,4.4,GOOD
2026-06-13T18:00:00+05:30,50,2026-06-15T20:00:00+05:30,PUNE_EAST,0.0,0.0,0.0,20,90,0.42,5.1,GOOD
2026-06-13T18:00:00+05:30,50,2026-06-15T20:15:00+05:30,PUNE_EAST,0,0.0,0.0,20.1,83.1,0.0,3.8,GOOD
2026-06-13T18:00:00+05:30,50,2026-06-15T20:30:00+05:30,PUNE_EAST,0,0.0,0.0,20,84.1,0.0,3.9,GOOD
2026-06-13T18:00:00+05:30,50,2026-06-15T20:45:00+05:30,PUNE_EAST,0,0.0,0.0,20,85.1,0.0,4.9,GOOD
2026-06-13T18:00:00+05:30,51,2026-06-15T21:00:00+05:30,PUNE_EAST,0,0.0,0.0,20,83.5,0.0,3.8,GOOD
2026-06-13T18:00:00+05:30,51,2026-06-15T21:15:00+05:30,PUNE_EAST,0,0.0,0.0,20.3,85.6,0.0,3.4,GOOD
2026-06-13T18:00:00+05:30,51,2026-06-15T21:30:00+05:30,PUNE_EAST,0,0.0,0.0,20,88.8,0.0,3.4,GOOD
2026-06-13T18:00:00+05:30,51,2026-06-15T21:45:00+05:30,PUNE_EAST,0,0.0,0.0,20,93.6,0.0,3.9,GOOD
2026-06-13T18:00:00+05:30,52,2026-06-15T22:00:00+05:30,PUNE_EAST,0,0.0,0.0,20,94.5,0.0,4.4,GOOD
2026-06-13T18:00:00+05:30,52,2026-06-15T22:15:00+05:30,PUNE_EAST,0,0.0,0.0,20,94.9,0.0,3.8,GOOD
2026-06-13T18:00:00+05:30,52,2026-06-15T22:30:00+05:30,PUNE_EAST,0,0.0,0.0,20,95.4,0.0,3.9,GOOD
2026-06-13T18:00:00+05:30,52,2026-06-15T22:45:00+05:30,PUNE_EAST,0,0.0,0.0,20,95.5,0.0,4.4,GOOD
2026-06-13T18:00:00+05:30,53,2026-06-15T23:00:00+05:30,PUNE_EAST,0,0.0,0.0,20,96.5,0.0,5.8,GOOD
2026-06-13T18:00:00+05:30,53,2026-06-15T23:15:00+05:30,PUNE_EAST,0,0.0,0.0,20,95.9,0.0,4.1,GOOD
2026-06-13T18:00:00+05:30,53,2026-06-15T23:30:00+05:30,PUNE_EAST,0,0.0,0.0,20,93.4,0.0,3.7,GOOD
2026-06-13T18:00:00+05:30,53,2026-06-15T23:45:00+05:30,PUNE_EAST,0,0.0,0.0,20,93.4,0.0,4.2,GOOD
2026-06-13T18:00:00+05:30,54,2026-06-16T00:00:00+05:30,PUNE_EAST,0,0.0,0.0,20,42.7,0.0,3.4,GOOD
2026-06-13T18:00:00+05:30,54,2026-06-16T00:15:00+05:30,PUNE_EAST,0,0.0,0.0,21.7,42.8,0.0,3.0,GOOD
2026-06-13T18:00:00+05:30,54,2026-06-16T00:30:00+05:30,PUNE_EAST,0,0.0,0.0,20.4,42.2,0.0,3.1,GOOD
2026-06-13T18:00:00+05:30,54,2026-06-16T00:45:00+05:30,PUNE_EAST,0,0.0,0.0,20.5,45.6,0.0,3.7,GOOD
2026-06-13T18:00:00+05:30,55,2026-06-16T01:00:00+05:30,PUNE_EAST,0,0.0,0.0,20.8,45.8,0.0,2.5,GOOD
2026-06-13T18:00:00+05:30,55,2026-06-16T01:15:00+05:30,PUNE_EAST,0,0.0,0.0,21.1,45.7,0.0,3.2,GOOD
2026-06-13T18:00:00+05:30,55,2026-06-16T01:30:00+05:30,PUNE_EAST,0,0.0,0.0,20.1,47.1,0.0,3.6,GOOD
2026-06-13T18:00:00+05:30,55,2026-06-16T01:45:00+05:30,PUNE_EAST,0,0.0,0.0,20.4,43.7,0.0,3.7,GOOD
2026-06-13T18:00:00+05:30,56,2026-06-16T02:00:00+05:30,PUNE_EAST,0,0.0,0.0,20.7,45.6,0.0,3.6,GOOD
2026-06-13T18:00:00+05:30,56,2026-06-16T02:15:00+05:30,PUNE_EAST,0,0.0,0.0,20.3,46.2,0.0,3.1,GOOD
2026-06-13T18:00:00+05:30,56,2026-06-16T02:30:00+05:30,PUNE_EAST,0,0.0,0.0,21.2,42.4,0.0,3.0,GOOD
2026-06-13T18:00:00+05:30,56,2026-06-16T02:45:00+05:30,PUNE_EAST,0,0.0,0.0,20.8,39.2,0.0,3.5,GOOD
2026-06-13T18:00:00+05:30,57,2026-06-16T03:00:00+05:30,PUNE_EAST,0,0.0,0.0,21.7,38.5,0.0,3.9,GOOD
2026-06-13T18:00:00+05:30,57,2026-06-16T03:15:00+05:30,PUNE_EAST,0,0.0,0.0,20.3,39.1,0.0,2.7,GOOD
2026-06-13T18:00:00+05:30,57,2026-06-16T03:30:00+05:30,PUNE_EAST,0,0.0,0.0,20,41.6,0.0,2.7,GOOD
2026-06-13T18:00:00+05:30,57,2026-06-16T03:45:00+05:30,PUNE_EAST,0,0.0,0.0,20,44.6,0.0,2.5,GOOD
2026-06-13T18:00:00+05:30,58,2026-06-16T04:00:00+05:30,PUNE_EAST,0,0.0,0.0,20.7,43.1,0.0,2.9,GOOD
2026-06-13T18:00:00+05:30,58,2026-06-16T04:15:00+05:30,PUNE_EAST,0,0.0,0.0,20,44.0,0.0,2.2,GOOD
2026-06-13T18:00:00+05:30,58,2026-06-16T04:30:00+05:30,PUNE_EAST,0,0.0,0.0,21.3,45.2,0.0,3.9,GOOD
2026-06-13T18:00:00+05:30,58,2026-06-16T04:45:00+05:30,PUNE_EAST,0,0.0,0.0,20,44.2,0.0,3.2,GOOD
2026-06-13T18:00:00+05:30,59,2026-06-16T05:00:00+05:30,PUNE_EAST,0,0.0,0.0,20.6,44.5,0.0,3.8,GOOD
2026-06-13T18:00:00+05:30,59,2026-06-16T05:15:00+05:30,PUNE_EAST,0,0.0,0.0,21.5,43.6,0.0,2.3,GOOD
2026-06-13T18:00:00+05:30,59,2026-06-16T05:30:00+05:30,PUNE_EAST,0,0.0,0.0,21.1,42.0,0.0,3.4,GOOD
2026-06-13T18:00:00+05:30,59,2026-06-16T05:45:00+05:30,PUNE_EAST,0,0.0,0.0,22.5,38.9,0.0,2.3,GOOD
2026-06-13T18:00:00+05:30,60,2026-06-16T06:00:00+05:30,PUNE_EAST,0,0.0,0.0,21.8,43.2,0.0,3.1,GOOD
2026-06-13T18:00:00+05:30,60,2026-06-16T06:15:00+05:30,PUNE_EAST,26.1,125.0,10.9,22.9,42.9,0.0,3.6,GOOD
2026-06-13T18:00:00+05:30,60,2026-06-16T06:30:00+05:30,PUNE_EAST,64.8,308.3,27.3,23.5,43.4,0.0,2.8,GOOD
2026-06-13T18:00:00+05:30,60,2026-06-16T06:45:00+05:30,PUNE_EAST,121.6,421.9,51.9,23.4,44.4,0.0,3.5,GOOD
2026-06-13T18:00:00+05:30,61,2026-06-16T07:00:00+05:30,PUNE_EAST,166.5,424.2,72.3,24.1,45.7,0.0,2.4,GOOD
2026-06-13T18:00:00+05:30,61,2026-06-16T07:15:00+05:30,PUNE_EAST,208.3,414.7,92.8,24.3,47.6,0.0,3.2,GOOD
2026-06-13T18:00:00+05:30,61,2026-06-16T07:30:00+05:30,PUNE_EAST,291.2,485.4,128.9,25.8,47.1,0.0,2.9,GOOD
2026-06-13T18:00:00+05:30,61,2026-06-16T07:45:00+05:30,PUNE_EAST,307.2,443.8,134.6,25.3,46.3,0.0,3.3,GOOD
2026-06-13T18:00:00+05:30,62,2026-06-16T08:00:00+05:30,PUNE_EAST,355.8,463.9,150.4,24.9,43.8,0.0,2.9,GOOD
2026-06-13T18:00:00+05:30,62,2026-06-16T08:15:00+05:30,PUNE_EAST,407.6,477.9,171.0,26.9,43.2,0.0,3.9,GOOD
2026-06-13T18:00:00+05:30,62,2026-06-16T08:30:00+05:30,PUNE_EAST,461.0,500.3,187.9,26.7,41.3,0.0,3.9,GOOD
2026-06-13T18:00:00+05:30,62,2026-06-16T08:45:00+05:30,PUNE_EAST,518.0,517.6,210.1,27.4,40.9,0.0,3.7,GOOD
2026-06-13T18:00:00+05:30,63,2026-06-16T09:00:00+05:30,PUNE_EAST,568.1,523.9,231.9,28.2,41.4,0.0,2.6,GOOD
2026-06-13T18:00:00+05:30,63,2026-06-16T09:15:00+05:30,PUNE_EAST,587.9,483.7,255.9,26.6,45.9,0.0,3.5,GOOD
2026-06-13T18:00:00+05:30,63,2026-06-16T09:30:00+05:30,PUNE_EAST,649.7,502.1,283.7,28.0,46.1,0.0,3.1,GOOD
2026-06-13T18:00:00+05:30,63,2026-06-16T09:45:00+05:30,PUNE_EAST,684.9,493.6,305.5,28.3,47.7,0.0,3.6,GOOD
2026-06-13T18:00:00+05:30,64,2026-06-16T10:00:00+05:30,PUNE_EAST,729.1,511.5,317.0,28.3,45.8,0.0,2.8,GOOD
2026-06-13T18:00:00+05:30,64,2026-06-16T10:15:00+05:30,PUNE_EAST,754.6,508.2,327.9,28.2,45.7,0.0,3.2,GOOD
2026-06-13T18:00:00+05:30,64,2026-06-16T10:30:00+05:30,PUNE_EAST,824.5,553.4,342.5,30.0,42.6,0.0,3.9,GOOD
2026-06-13T18:00:00+05:30,64,2026-06-16T10:45:00+05:30,PUNE_EAST,831.2,534.7,350.7,29.5,43.6,0.0,3.0,GOOD
2026-06-13T18:00:00+05:30,65,2026-06-16T11:00:00+05:30,PUNE_EAST,841.4,520.0,361.2,30.1,44.9,0.0,2.9,GOOD
2026-06-13T18:00:00+05:30,65,2026-06-16T11:15:00+05:30,PUNE_EAST,881.8,529.4,381.8,28.9,45.5,0.0,3.4,GOOD
2026-06-13T18:00:00+05:30,65,2026-06-16T11:30:00+05:30,PUNE_EAST,886.5,521.0,385.2,30.4,45.8,0.0,3.5,GOOD
2026-06-13T18:00:00+05:30,65,2026-06-16T11:45:00+05:30,PUNE_EAST,923.2,554.4,382.0,29.4,42.3,0.0,3.8,GOOD
2026-06-13T18:00:00+05:30,66,2026-06-16T12:00:00+05:30,PUNE_EAST,930.4,551.5,386.4,30.6,42.5,0.0,3.1,GOOD
2026-06-13T18:00:00+05:30,66,2026-06-16T12:15:00+05:30,PUNE_EAST,952.5,568.3,388.0,30.5,41.2,0.0,3.2,GOOD
2026-06-13T18:00:00+05:30,66,2026-06-16T12:30:00+05:30,PUNE_EAST,938.0,566.4,373.7,30.1,39.7,0.0,3.6,GOOD
2026-06-13T18:00:00+05:30,66,2026-06-16T12:45:00+05:30,PUNE_EAST,950.1,565.2,387.4,30.4,41.3,0.0,2.4,GOOD
2026-06-13T18:00:00+05:30,67,2026-06-16T13:00:00+05:30,PUNE_EAST,920.5,524.7,400.4,30.1,45.8,0.0,2.9,GOOD
2026-06-13T18:00:00+05:30,67,2026-06-16T13:15:00+05:30,PUNE_EAST,909.3,519.3,398.8,31.6,46.4,0.0,4.0,GOOD
2026-06-13T18:00:00+05:30,67,2026-06-16T13:30:00+05:30,PUNE_EAST,927.1,556.8,386.3,30.5,42.8,0.0,2.6,GOOD
2026-06-13T18:00:00+05:30,67,2026-06-16T13:45:00+05:30,PUNE_EAST,928.3,576.4,377.4,29.9,41.1,0.0,3.6,GOOD
2026-06-13T18:00:00+05:30,68,2026-06-16T14:00:00+05:30,PUNE_EAST,899.7,584.5,352.1,31.2,38.6,0.0,2.8,GOOD
2026-06-13T18:00:00+05:30,68,2026-06-16T14:15:00+05:30,PUNE_EAST,882.3,581.4,350.6,30.6,39.6,0.0,3.0,GOOD
2026-06-13T18:00:00+05:30,68,2026-06-16T14:30:00+05:30,PUNE_EAST,830.2,559.6,332.9,31.4,40.2,0.0,3.3,GOOD
2026-06-13T18:00:00+05:30,68,2026-06-16T14:45:00+05:30,PUNE_EAST,781.3,528.8,326.8,30.5,43.0,0.0,3.8,GOOD
2026-06-13T18:00:00+05:30,69,2026-06-16T15:00:00+05:30,PUNE_EAST,753.9,518.1,325.2,29.0,45.2,0.0,3.4,GOOD
2026-06-13T18:00:00+05:30,69,2026-06-16T15:15:00+05:30,PUNE_EAST,715.4,511.2,310.5,28.5,45.7,0.0,3.4,GOOD
2026-06-13T18:00:00+05:30,69,2026-06-16T15:30:00+05:30,PUNE_EAST,691.0,504.2,310.8,29.6,48.3,0.0,4.1,GOOD
2026-06-13T18:00:00+05:30,69,2026-06-16T15:45:00+05:30,PUNE_EAST,609.8,454.8,285.4,28.4,51.3,0.0,3.1,GOOD
2026-06-13T18:00:00+05:30,70,2026-06-16T16:00:00+05:30,PUNE_EAST,591.3,486.2,265.5,28.8,48.2,0.0,4.1,GOOD
2026-06-13T18:00:00+05:30,70,2026-06-16T16:15:00+05:30,PUNE_EAST,529.7,461.5,241.5,28.0,49.3,0.0,3.8,GOOD
2026-06-13T18:00:00+05:30,70,2026-06-16T16:30:00+05:30,PUNE_EAST,489.3,455.0,227.0,27.0,50.6,0.0,3.5,GOOD
2026-06-13T18:00:00+05:30,70,2026-06-16T16:45:00+05:30,PUNE_EAST,462.9,509.8,194.3,28.2,43.3,0.0,3.3,GOOD
2026-06-13T18:00:00+05:30,71,2026-06-16T17:00:00+05:30,PUNE_EAST,400.6,471.3,176.4,28.3,46.7,0.0,3.6,GOOD
2026-06-13T18:00:00+05:30,71,2026-06-16T17:15:00+05:30,PUNE_EAST,340.0,463.9,143.9,27.7,43.9,0.0,4.0,GOOD
2026-06-13T18:00:00+05:30,71,2026-06-16T17:30:00+05:30,PUNE_EAST,310.6,474.5,135.8,25.3,46.2,0.0,3.3,GOOD
2026-06-13T18:00:00+05:30,71,2026-06-16T17:45:00+05:30,PUNE_EAST,238.5,435.8,101.9,26.1,44.6,0.0,3.7,GOOD
2026-06-13T18:00:00+05:30,72,2026-06-16T18:00:00+05:30,PUNE_EAST,194.2,431.7,83.1,26.2,44.7,0.0,3.5,GOOD
2026-06-13T18:00:00+05:30,72,2026-06-16T18:15:00+05:30,PUNE_EAST,142.2,413.5,59.1,26.5,42.6,0.0,3.0,GOOD
2026-06-13T18:00:00+05:30,72,2026-06-16T18:30:00+05:30,PUNE_EAST,105.9,419.8,45.4,24.5,44.9,0.0,2.6,GOOD
2026-06-13T18:00:00+05:30,72,2026-06-16T18:45:00+05:30,PUNE_EAST,53.9,252.0,23.2,25.0,45.1,0.0,3.4,GOOD
2026-06-13T18:00:00+05:30,73,2026-06-16T19:00:00+05:30,PUNE_EAST,17.1,81.5,7.1,23.3,43.0,0.0,4.3,GOOD
2026-06-13T18:00:00+05:30,73,2026-06-16T19:15:00+05:30,PUNE_EAST,0,0.0,0.0,23.6,43.5,0.0,2.5,GOOD
2026-06-13T18:00:00+05:30,73,2026-06-16T19:30:00+05:30,PUNE_EAST,0,0.0,0.0,22.4,39.0,0.0,3.2,GOOD
2026-06-13T18:00:00+05:30,73,2026-06-16T19:45:00+05:30,PUNE_EAST,0,0.0,0.0,21.9,37.7,0.0,3.9,GOOD
2026-06-13T18:00:00+05:30,74,2026-06-16T20:00:00+05:30,PUNE_EAST,0,0.0,0.0,22.8,37.8,0.0,3.7,GOOD
2026-06-13T18:00:00+05:30,74,2026-06-16T20:15:00+05:30,PUNE_EAST,0,0.0,0.0,23.0,38.3,0.0,3.1,GOOD
2026-06-13T18:00:00+05:30,74,2026-06-16T20:30:00+05:30,PUNE_EAST,0,0.0,0.0,21.3,40.2,0.0,3.8,GOOD
2026-06-13T18:00:00+05:30,74,2026-06-16T20:45:00+05:30,PUNE_EAST,0,0.0,0.0,21.1,41.5,0.0,3.7,GOOD
2026-06-13T18:00:00+05:30,75,2026-06-16T21:00:00+05:30,PUNE_EAST,0,0.0,0.0,21.3,43.7,0.0,2.1,GOOD
2026-06-13T18:00:00+05:30,75,2026-06-16T21:15:00+05:30,PUNE_EAST,0,0.0,0.0,21.1,42.2,0.0,2.7,GOOD
2026-06-13T18:00:00+05:30,75,2026-06-16T21:30:00+05:30,PUNE_EAST,0,0.0,0.0,20.5,44.2,0.0,3.4,GOOD
2026-06-13T18:00:00+05:30,75,2026-06-16T21:45:00+05:30,PUNE_EAST,0,0.0,0.0,20.3,43.1,0.0,3.2,GOOD
2026-06-13T18:00:00+05:30,76,2026-06-16T22:00:00+05:30,PUNE_EAST,0,0.0,0.0,20.0,41.6,0.0,2.8,GOOD
2026-06-13T18:00:00+05:30,76,2026-06-16T22:15:00+05:30,PUNE_EAST,0,0.0,0.0,20.1,42.6,0.0,2.8,GOOD
2026-06-13T18:00:00+05:30,76,2026-06-16T22:30:00+05:30,PUNE_EAST,0,0.0,0.0,20.5,39.6,0.0,2.5,GOOD
2026-06-13T18:00:00+05:30,76,2026-06-16T22:45:00+05:30,PUNE_EAST,0,0.0,0.0,20.4,39.8,0.0,2.8,GOOD
2026-06-13T18:00:00+05:30,77,2026-06-16T23:00:00+05:30,PUNE_EAST,0,0.0,0.0,20.1,37.3,0.0,3.6,GOOD
2026-06-13T18:00:00+05:30,77,2026-06-16T23:15:00+05:30,PUNE_EAST,0,0.0,0.0,20.9,36.5,0.0,3.0,GOOD
2026-06-13T18:00:00+05:30,77,2026-06-16T23:30:00+05:30,PUNE_EAST,0,0.0,0.0,20.4,36.8,0.0,3.1,GOOD
2026-06-13T18:00:00+05:30,77,2026-06-16T23:45:00+05:30,PUNE_EAST,0,0.0,0.0,20,37.6,0.0,3.2,GOOD
